V6,V10,V12,V13,V14,V15,Class
517.0,14,1328.0,1,-1.0,0,2
3929.0,20,593.0,1,-1.0,0,2
624.0,18,420.0,1,276.0,1,2
653.0,2,84.0,1,-1.0,0,2
319.0,13,774.0,2,301.0,1,2
2352.0,4,153.0,2,182.0,11,2
655.0,20,693.0,3,-1.0,0,2
1057.0,5,383.0,2,-1.0,0,1
633.0,12,236.0,10,-1.0,0,1
2287.0,26,895.0,4,-1.0,0,2
640.0,4,447.0,1,-1.0,0,2
476.0,11,856.0,3,-1.0,0,2
1335.0,6,371.0,2,-1.0,0,1
219.0,18,55.0,1,-1.0,0,1
1780.0,23,361.0,2,182.0,5,2
0.0,13,419.0,2,-1.0,0,1
-516.0,8,554.0,3,-1.0,0,1
3371.0,13,284.0,1,92.0,2,1
1457.0,9,167.0,1,-1.0,0,1
1055.0,23,427.0,1,603.0,1,2
-143.0,15,305.0,3,-1.0,0,1
415.0,4,462.0,1,92.0,4,2
764.0,6,244.0,2,-1.0,0,1
568.0,2,378.0,2,386.0,1,2
502.0,14,28.0,2,-1.0,0,1
734.0,6,1357.0,4,-1.0,0,2
502.0,30,261.0,1,-1.0,0,2
412.0,4,45.0,5,265.0,13,1
1583.0,9,662.0,1,-1.0,0,2
381.0,7,1957.0,1,-1.0,0,1
26965.0,21,654.0,2,-1.0,0,2
4253.0,13,146.0,1,-1.0,0,1
1210.0,26,604.0,1,91.0,4,2
-321.0,6,470.0,2,9.0,2,1
945.0,24,561.0,4,-1.0,0,1
2335.0,13,624.0,1,-1.0,0,2
361.0,16,513.0,2,-1.0,0,2
10884.0,4,333.0,2,-1.0,0,2
138.0,15,89.0,2,-1.0,0,2
1533.0,29,358.0,1,-1.0,0,1
1720.0,15,910.0,1,224.0,3,2
728.0,28,104.0,4,-1.0,0,1
297.0,8,188.0,1,-1.0,0,2
2399.0,3,193.0,2,-1.0,0,1
201.0,5,52.0,1,8.0,7,1
343.0,4,191.0,1,-1.0,0,1
6447.0,12,296.0,1,-1.0,0,1
317.0,15,1286.0,1,-1.0,0,1
277.0,20,9.0,13,-1.0,0,1
659.0,28,390.0,4,93.0,1,2
2646.0,14,133.0,8,183.0,2,2
2488.0,30,258.0,6,169.0,3,2
0.0,3,185.0,1,-1.0,0,1
467.0,29,105.0,8,-1.0,0,1
1032.0,21,64.0,2,-1.0,0,1
1411.0,15,170.0,3,-1.0,0,2
1080.0,18,192.0,1,-1.0,0,1
102.0,8,658.0,2,-1.0,0,2
1514.0,21,160.0,3,120.0,3,1
138.0,7,226.0,2,-1.0,0,1
2801.0,10,239.0,1,-1.0,0,2
1461.0,7,757.0,2,170.0,3,2
1387.0,18,256.0,2,-1.0,0,2
4189.0,19,489.0,3,-1.0,0,2
1331.0,3,182.0,2,90.0,1,2
0.0,18,897.0,3,-1.0,0,2
0.0,3,438.0,2,389.0,1,2
152.0,8,831.0,1,-1.0,0,2
1068.0,6,175.0,4,-1.0,0,1
0.0,27,298.0,1,111.0,8,2
91.0,27,105.0,4,-1.0,0,1
6512.0,20,16.0,6,-1.0,0,1
93.0,16,394.0,3,-1.0,0,1
589.0,11,167.0,1,190.0,5,2
1147.0,20,720.0,1,-1.0,0,2
249.0,29,791.0,2,-1.0,0,2
240.0,21,373.0,3,-1.0,0,1
957.0,8,246.0,1,184.0,3,2
305.0,13,75.0,1,105.0,3,1
345.0,29,110.0,3,-1.0,0,1
2955.0,29,226.0,2,-1.0,0,2
0.0,25,286.0,2,-1.0,0,1
153.0,27,389.0,1,-1.0,0,1
3059.0,6,482.0,2,-1.0,0,2
-291.0,20,197.0,3,-1.0,0,1
11821.0,18,384.0,11,-1.0,0,2
0.0,10,982.0,1,-1.0,0,2
974.0,5,174.0,2,80.0,1,2
812.0,11,583.0,4,-1.0,0,2
1177.0,15,330.0,1,311.0,4,2
103.0,9,502.0,5,-1.0,0,1
-257.0,16,448.0,2,-1.0,0,1
0.0,25,484.0,4,-1.0,0,1
132.0,17,220.0,1,-1.0,0,2
294.0,9,265.0,1,184.0,3,2
993.0,28,115.0,3,93.0,1,2
489.0,30,356.0,4,-1.0,0,2
713.0,9,1534.0,2,-1.0,0,1
0.0,4,730.0,2,-1.0,0,2
933.0,29,92.0,33,-1.0,0,1
2709.0,9,48.0,7,-1.0,0,1
271.0,20,68.0,1,-1.0,0,1
5060.0,9,299.0,1,-1.0,0,2
175.0,13,753.0,6,-1.0,0,2
411.0,19,145.0,4,-1.0,0,1
23.0,7,66.0,1,-1.0,0,1
2311.0,21,1105.0,2,-1.0,0,2
397.0,17,594.0,1,-1.0,0,2
22.0,15,1190.0,2,302.0,2,2
2145.0,25,291.0,2,95.0,4,2
641.0,15,257.0,1,-1.0,0,1
1134.0,25,1330.0,3,-1.0,0,2
1514.0,10,447.0,1,728.0,2,2
-598.0,28,239.0,4,-1.0,0,1
1780.0,9,464.0,1,-1.0,0,1
553.0,7,225.0,3,321.0,3,1
1000.0,18,96.0,11,-1.0,0,1
3842.0,1,215.0,2,-1.0,0,2
3480.0,16,443.0,1,-1.0,0,2
5.0,23,282.0,1,203.0,1,2
10.0,23,72.0,5,-1.0,0,1
-205.0,9,112.0,1,-1.0,0,1
509.0,5,418.0,1,-1.0,0,2
-308.0,30,140.0,2,-1.0,0,1
476.0,23,956.0,9,-1.0,0,2
5106.0,30,244.0,1,-1.0,0,2
876.0,27,269.0,3,541.0,3,2
12114.0,12,165.0,2,-1.0,0,2
5610.0,19,69.0,2,-1.0,0,1
6053.0,19,26.0,5,-1.0,0,1
71.0,15,651.0,1,-1.0,0,2
7668.0,5,124.0,1,-1.0,0,1
2538.0,19,680.0,2,111.0,6,2
2149.0,15,282.0,2,-1.0,0,2
-1.0,30,1171.0,4,-1.0,0,2
46.0,2,1013.0,1,-1.0,0,1
1.0,17,169.0,7,-1.0,0,1
1740.0,13,296.0,2,-1.0,0,2
5414.0,30,166.0,4,-1.0,0,1
523.0,19,21.0,1,-1.0,0,1
0.0,31,33.0,13,-1.0,0,1
3547.0,15,351.0,6,-1.0,0,2
27.0,27,294.0,1,-1.0,0,1
218.0,12,27.0,6,344.0,12,1
905.0,5,1543.0,1,-1.0,0,2
3.0,9,1439.0,6,-1.0,0,2
9367.0,14,700.0,4,92.0,7,2
64.0,11,586.0,1,-1.0,0,2
163.0,16,803.0,1,-1.0,0,2
409.0,8,165.0,1,97.0,4,2
-350.0,30,149.0,1,-1.0,0,1
6.0,7,109.0,1,367.0,1,1
130.0,30,139.0,2,-1.0,0,1
1236.0,14,335.0,4,-1.0,0,2
2470.0,31,227.0,1,-1.0,0,2
814.0,28,1387.0,1,-1.0,0,2
705.0,17,544.0,1,-1.0,0,2
111.0,12,179.0,2,-1.0,0,1
5086.0,25,213.0,4,-1.0,0,2
1857.0,13,295.0,4,187.0,6,2
47.0,3,69.0,3,-1.0,0,1
441.0,8,106.0,1,-1.0,0,1
122.0,8,160.0,1,-1.0,0,1
0.0,13,562.0,2,-1.0,0,2
-94.0,2,185.0,1,252.0,2,1
-22.0,26,748.0,3,-1.0,0,2
8304.0,9,456.0,2,275.0,9,2
1501.0,24,187.0,1,-1.0,0,1
127.0,17,76.0,1,-1.0,0,1
7179.0,6,31.0,8,-1.0,0,1
4675.0,12,181.0,3,-1.0,0,2
530.0,7,57.0,1,-1.0,0,1
254.0,9,183.0,2,294.0,2,2
9077.0,15,139.0,1,-1.0,0,1
2185.0,19,167.0,4,-1.0,0,1
688.0,1,233.0,2,133.0,1,1
1152.0,7,260.0,13,-1.0,0,1
78.0,13,630.0,3,371.0,3,1
5.0,10,829.0,5,-1.0,0,2
17.0,6,72.0,1,-1.0,0,1
0.0,26,245.0,3,-1.0,0,1
279.0,28,399.0,3,-1.0,0,2
951.0,19,220.0,2,-1.0,0,1
3904.0,4,250.0,2,187.0,2,2
388.0,5,730.0,2,-1.0,0,1
1657.0,28,872.0,1,-1.0,0,2
0.0,20,45.0,4,-1.0,0,1
3889.0,19,265.0,2,-1.0,0,1
802.0,6,686.0,2,-1.0,0,2
117.0,9,147.0,1,-1.0,0,1
316.0,26,642.0,2,-1.0,0,2
-713.0,4,525.0,2,-1.0,0,2
38.0,9,42.0,1,-1.0,0,1
796.0,23,427.0,1,182.0,2,2
1529.0,18,41.0,1,-1.0,0,1
536.0,15,244.0,1,105.0,1,2
1404.0,2,85.0,2,-1.0,0,1
124.0,14,604.0,4,366.0,2,2
276.0,16,218.0,2,-1.0,0,1
534.0,1,177.0,2,-1.0,0,2
8295.0,5,207.0,1,-1.0,0,2
3219.0,24,151.0,1,-1.0,0,2
129.0,15,218.0,2,181.0,1,2
0.0,24,60.0,1,-1.0,0,1
12026.0,27,251.0,1,-1.0,0,2
326.0,22,326.0,1,-1.0,0,2
392.0,4,110.0,1,208.0,2,1
0.0,26,208.0,2,-1.0,0,1
243.0,17,31.0,3,338.0,5,1
859.0,21,710.0,1,-1.0,0,2
70.0,1,263.0,1,-1.0,0,2
597.0,20,943.0,3,-1.0,0,2
674.0,17,170.0,5,-1.0,0,2
1646.0,5,172.0,3,92.0,8,2
4.0,30,268.0,1,261.0,5,2
142.0,13,459.0,1,-1.0,0,2
60.0,14,74.0,1,290.0,2,1
155.0,9,1426.0,3,-1.0,0,2
4856.0,18,151.0,1,-1.0,0,1
3145.0,28,1141.0,1,209.0,1,2
127.0,4,165.0,2,-1.0,0,1
-184.0,6,392.0,2,-1.0,0,1
3370.0,21,531.0,2,80.0,2,2
232.0,5,166.0,2,285.0,1,1
240.0,5,1123.0,1,-1.0,0,2
1598.0,10,634.0,1,-1.0,0,2
1841.0,15,880.0,4,-1.0,0,2
4168.0,16,47.0,1,-1.0,0,1
2232.0,13,121.0,1,-1.0,0,2
3608.0,13,176.0,2,197.0,2,2
343.0,25,87.0,4,-1.0,0,1
439.0,16,50.0,1,-1.0,0,1
4436.0,13,846.0,5,-1.0,0,2
2991.0,22,240.0,1,-1.0,0,2
270.0,9,123.0,1,-1.0,0,2
828.0,6,206.0,2,342.0,1,1
43.0,20,68.0,2,-1.0,0,1
229.0,9,1042.0,2,315.0,2,2
33.0,5,437.0,1,-1.0,0,1
1908.0,5,1661.0,2,-1.0,0,2
2673.0,27,219.0,4,-1.0,0,1
466.0,31,109.0,8,-1.0,0,1
0.0,19,303.0,3,-1.0,0,1
883.0,5,170.0,1,-1.0,0,1
2306.0,6,239.0,4,-1.0,0,2
-680.0,9,117.0,2,-1.0,0,1
168.0,8,513.0,1,-1.0,0,2
113.0,13,204.0,3,105.0,1,2
243.0,25,117.0,1,280.0,1,1
6403.0,22,208.0,2,-1.0,0,2
985.0,4,592.0,3,50.0,8,2
409.0,15,73.0,7,-1.0,0,1
1218.0,30,258.0,2,-1.0,0,1
45.0,10,1187.0,3,-1.0,0,2
9200.0,6,233.0,2,-1.0,0,1
8.0,7,125.0,1,-1.0,0,1
3810.0,16,262.0,1,183.0,1,2
1688.0,29,156.0,2,-1.0,0,1
1120.0,19,786.0,1,-1.0,0,1
267.0,11,198.0,5,-1.0,0,1
343.0,4,39.0,2,-1.0,0,1
855.0,16,578.0,1,-1.0,0,2
0.0,25,176.0,5,-1.0,0,1
1330.0,30,390.0,1,-1.0,0,2
846.0,13,85.0,2,370.0,2,1
739.0,21,316.0,1,-1.0,0,1
122.0,15,129.0,1,-1.0,0,1
0.0,4,242.0,5,-1.0,0,1
791.0,5,215.0,1,80.0,1,1
648.0,21,166.0,1,-1.0,0,1
2661.0,10,254.0,5,-1.0,0,2
1454.0,30,479.0,1,-1.0,0,1
3176.0,13,108.0,2,-1.0,0,2
83.0,30,69.0,6,-1.0,0,1
1887.0,12,168.0,2,-1.0,0,1
-160.0,20,15.0,26,-1.0,0,1
342.0,22,70.0,1,-1.0,0,1
1641.0,17,380.0,1,-1.0,0,1
3726.0,5,875.0,2,-1.0,0,2
2976.0,21,174.0,1,-1.0,0,1
0.0,17,76.0,2,-1.0,0,1
1614.0,17,534.0,4,-1.0,0,1
0.0,25,946.0,3,-1.0,0,2
867.0,2,230.0,3,-1.0,0,2
2642.0,25,591.0,3,-1.0,0,1
-309.0,26,269.0,1,-1.0,0,1
13.0,6,1019.0,2,-1.0,0,2
-522.0,5,670.0,2,286.0,6,2
-92.0,20,1617.0,1,-1.0,0,2
10.0,9,1692.0,2,-1.0,0,2
558.0,20,108.0,2,-1.0,0,1
675.0,25,81.0,2,-1.0,0,1
22.0,9,145.0,2,-1.0,0,1
368.0,7,197.0,2,-1.0,0,1
3025.0,7,476.0,1,352.0,1,2
1374.0,17,309.0,3,208.0,4,2
1570.0,8,277.0,4,286.0,1,2
873.0,23,145.0,4,-1.0,0,1
300.0,9,287.0,1,-1.0,0,1
105.0,28,76.0,1,-1.0,0,1
3395.0,7,199.0,2,-1.0,0,1
1377.0,3,248.0,1,446.0,2,2
283.0,6,199.0,1,-1.0,0,1
243.0,18,507.0,1,-1.0,0,2
280.0,4,562.0,3,168.0,2,1
1328.0,28,82.0,6,-1.0,0,1
1766.0,11,595.0,2,-1.0,0,2
531.0,17,187.0,2,-1.0,0,1
3486.0,28,23.0,10,-1.0,0,1
11891.0,4,821.0,5,242.0,1,2
793.0,15,123.0,1,365.0,1,1
1232.0,5,217.0,1,-1.0,0,1
2436.0,14,1397.0,3,-1.0,0,2
824.0,19,102.0,2,-1.0,0,1
3723.0,22,354.0,1,-1.0,0,2
0.0,5,1307.0,2,-1.0,0,1
955.0,17,221.0,3,-1.0,0,2
381.0,2,347.0,2,-1.0,0,1
1451.0,30,1097.0,15,-1.0,0,2
253.0,28,513.0,9,-1.0,0,2
40.0,8,419.0,2,-1.0,0,2
205.0,29,239.0,1,-1.0,0,1
778.0,6,1994.0,2,-1.0,0,1
79.0,9,1106.0,2,-1.0,0,2
5366.0,21,248.0,3,-1.0,0,1
677.0,12,253.0,3,334.0,2,1
0.0,3,299.0,1,-1.0,0,2
1711.0,30,234.0,1,-1.0,0,2
1231.0,4,230.0,1,93.0,7,2
371.0,9,107.0,5,-1.0,0,1
1508.0,23,281.0,1,-1.0,0,1
902.0,3,650.0,1,-1.0,0,2
0.0,2,854.0,1,-1.0,0,1
0.0,21,123.0,2,-1.0,0,1
9064.0,7,714.0,1,-1.0,0,2
-22.0,20,215.0,2,-1.0,0,1
-299.0,23,268.0,1,-1.0,0,1
0.0,30,342.0,3,22.0,3,2
2326.0,28,207.0,1,194.0,1,2
6684.0,5,173.0,1,-1.0,0,1
905.0,12,666.0,4,-1.0,0,2
4297.0,7,206.0,2,-1.0,0,2
260.0,4,453.0,2,273.0,2,1
74.0,15,101.0,4,-1.0,0,1
431.0,13,496.0,2,-1.0,0,2
0.0,19,188.0,4,-1.0,0,1
1331.0,5,268.0,1,-1.0,0,2
5000.0,16,177.0,5,-1.0,0,1
25.0,27,127.0,4,-1.0,0,1
184.0,3,167.0,1,-1.0,0,1
1808.0,28,250.0,3,-1.0,0,2
4416.0,29,245.0,3,-1.0,0,2
347.0,20,267.0,1,-1.0,0,2
0.0,28,558.0,1,-1.0,0,1
416.0,11,33.0,2,-1.0,0,1
5110.0,22,341.0,2,-1.0,0,2
3324.0,13,122.0,1,92.0,3,2
705.0,16,111.0,1,-1.0,0,1
2296.0,6,49.0,8,-1.0,0,1
826.0,12,885.0,1,-1.0,0,2
1088.0,26,149.0,1,-1.0,0,1
2656.0,14,238.0,1,-1.0,0,1
1708.0,6,310.0,1,75.0,4,2
149.0,23,893.0,3,-1.0,0,2
694.0,29,144.0,1,102.0,1,2
0.0,30,127.0,2,233.0,8,1
36.0,16,250.0,1,-1.0,0,1
8717.0,15,343.0,5,-1.0,0,1
76.0,13,747.0,2,371.0,3,2
5108.0,18,406.0,1,182.0,2,2
287.0,2,115.0,3,245.0,8,1
396.0,11,105.0,3,-1.0,0,1
2120.0,19,687.0,4,-1.0,0,2
588.0,18,366.0,1,91.0,2,2
-190.0,11,893.0,8,-1.0,0,2
1013.0,15,170.0,1,92.0,3,2
2845.0,19,1143.0,5,-1.0,0,2
5303.0,17,320.0,3,180.0,1,2
15161.0,2,74.0,1,120.0,1,2
0.0,14,1020.0,1,-1.0,0,2
0.0,27,297.0,1,75.0,3,2
-247.0,23,633.0,1,-1.0,0,2
1996.0,5,761.0,2,-1.0,0,2
578.0,4,48.0,1,-1.0,0,1
855.0,12,549.0,1,300.0,1,2
3651.0,20,142.0,3,-1.0,0,1
1750.0,30,687.0,1,9.0,3,2
384.0,28,191.0,2,-1.0,0,1
3505.0,17,434.0,2,-1.0,0,2
2420.0,19,166.0,1,-1.0,0,1
522.0,29,113.0,4,-1.0,0,1
48.0,18,161.0,1,173.0,1,2
789.0,11,93.0,1,190.0,2,1
145.0,6,124.0,2,9.0,2,1
431.0,17,388.0,9,-1.0,0,1
1103.0,22,274.0,6,-1.0,0,1
436.0,28,507.0,1,184.0,4,1
-240.0,28,160.0,3,-1.0,0,1
0.0,8,341.0,1,385.0,1,2
429.0,22,147.0,1,181.0,1,2
510.0,8,1767.0,2,-1.0,0,2
2384.0,30,196.0,2,-1.0,0,2
27.0,10,230.0,3,-1.0,0,2
1882.0,25,497.0,5,-1.0,0,2
-46.0,20,382.0,7,-1.0,0,2
766.0,15,457.0,2,-1.0,0,2
434.0,12,111.0,4,-1.0,0,1
43.0,2,95.0,3,-1.0,0,1
139.0,22,109.0,2,-1.0,0,1
469.0,20,89.0,2,-1.0,0,1
530.0,20,221.0,3,-1.0,0,1
5773.0,23,597.0,6,-1.0,0,2
3585.0,30,122.0,1,167.0,1,1
1023.0,21,150.0,3,-1.0,0,1
1047.0,21,438.0,1,184.0,3,2
-194.0,10,307.0,1,-1.0,0,1
-271.0,4,578.0,1,-1.0,0,2
753.0,21,730.0,8,-1.0,0,1
84.0,13,65.0,2,370.0,1,1
0.0,25,641.0,4,-1.0,0,2
775.0,22,860.0,2,177.0,7,2
-360.0,6,131.0,2,344.0,2,1
3401.0,20,253.0,1,-1.0,0,2
8180.0,19,312.0,1,-1.0,0,1
111.0,14,140.0,1,-1.0,0,1
611.0,16,390.0,2,-1.0,0,2
228.0,21,1017.0,6,-1.0,0,2
36686.0,30,295.0,1,-1.0,0,1
0.0,13,6.0,7,175.0,4,1
366.0,14,366.0,2,-1.0,0,2
62.0,3,678.0,2,252.0,1,1
2133.0,18,176.0,1,-1.0,0,1
3064.0,20,2453.0,2,-1.0,0,2
8.0,2,107.0,1,-1.0,0,1
121.0,5,245.0,5,-1.0,0,1
0.0,18,390.0,15,-1.0,0,1
2.0,15,153.0,2,-1.0,0,2
0.0,9,74.0,1,-1.0,0,1
1521.0,14,1125.0,2,-1.0,0,2
414.0,16,241.0,1,-1.0,0,2
1998.0,4,237.0,5,-1.0,0,2
490.0,28,207.0,8,98.0,1,2
7506.0,30,248.0,1,-1.0,0,2
1765.0,12,247.0,2,-1.0,0,1
6758.0,27,67.0,3,-1.0,0,1
1690.0,30,163.0,3,-1.0,0,1
0.0,16,387.0,1,-1.0,0,1
12956.0,2,940.0,1,399.0,3,2
57435.0,21,319.0,3,-1.0,0,1
139.0,30,241.0,1,-1.0,0,2
0.0,27,25.0,19,-1.0,0,1
2085.0,19,488.0,3,-1.0,0,1
2394.0,9,75.0,4,-1.0,0,1
262.0,18,393.0,4,-1.0,0,1
2405.0,23,216.0,8,-1.0,0,1
261.0,9,259.0,2,98.0,4,2
1315.0,20,329.0,4,-1.0,0,2
0.0,9,296.0,1,-1.0,0,1
313.0,14,958.0,1,-1.0,0,2
0.0,28,39.0,4,-1.0,0,1
715.0,26,217.0,1,-1.0,0,1
1332.0,12,156.0,1,-1.0,0,2
0.0,18,716.0,2,110.0,3,2
1914.0,7,126.0,3,-1.0,0,1
444.0,14,137.0,1,102.0,5,2
-370.0,21,748.0,1,-1.0,0,1
2047.0,28,57.0,5,-1.0,0,1
5326.0,17,116.0,2,-1.0,0,1
-37.0,5,173.0,1,-1.0,0,1
4401.0,31,465.0,4,-1.0,0,1
518.0,29,1917.0,2,-1.0,0,2
1576.0,29,253.0,3,-1.0,0,1
483.0,8,580.0,3,-1.0,0,2
188.0,23,181.0,16,-1.0,0,1
458.0,23,125.0,2,-1.0,0,1
576.0,18,762.0,3,-1.0,0,2
2152.0,30,134.0,1,121.0,1,1
1840.0,12,71.0,3,-1.0,0,1
1385.0,9,446.0,1,-1.0,0,1
11.0,13,489.0,5,-1.0,0,2
495.0,12,213.0,3,182.0,6,2
196.0,30,574.0,1,-1.0,0,2
413.0,13,240.0,1,179.0,2,2
346.0,11,237.0,1,180.0,6,2
73.0,5,142.0,2,-1.0,0,1
1156.0,28,141.0,7,-1.0,0,1
-225.0,6,319.0,2,-1.0,0,1
204.0,28,471.0,2,-1.0,0,2
164.0,7,398.0,1,-1.0,0,1
23.0,18,69.0,2,333.0,2,1
179.0,3,8.0,4,-1.0,0,1
0.0,17,139.0,3,-1.0,0,1
640.0,12,215.0,1,182.0,4,2
-22.0,8,70.0,1,-1.0,0,1
5679.0,9,701.0,4,-1.0,0,2
21.0,30,566.0,2,-1.0,0,2
352.0,20,58.0,5,-1.0,0,1
1196.0,20,552.0,5,-1.0,0,2
-14.0,20,121.0,3,-1.0,0,1
241.0,7,308.0,2,-1.0,0,2
1760.0,18,855.0,4,-1.0,0,2
1713.0,30,855.0,2,-1.0,0,2
203.0,23,608.0,3,179.0,2,2
502.0,16,136.0,2,-1.0,0,2
488.0,6,110.0,2,-1.0,0,1
550.0,19,337.0,1,-1.0,0,2
3290.0,12,430.0,1,50.0,3,2
4023.0,7,131.0,2,-1.0,0,1
195.0,18,220.0,1,63.0,5,2
1445.0,26,328.0,2,143.0,2,2
1519.0,19,230.0,1,92.0,1,2
624.0,17,336.0,2,183.0,2,2
261.0,3,88.0,5,251.0,3,1
1433.0,8,182.0,2,366.0,1,1
0.0,6,767.0,1,-1.0,0,2
1906.0,16,174.0,17,-1.0,0,1
4608.0,12,212.0,1,-1.0,0,2
2805.0,23,212.0,2,-1.0,0,1
3696.0,12,758.0,4,-1.0,0,2
43.0,10,232.0,1,-1.0,0,2
777.0,7,263.0,1,-1.0,0,1
0.0,7,110.0,1,-1.0,0,1
5511.0,26,414.0,2,389.0,1,2
4.0,20,709.0,9,-1.0,0,1
16430.0,19,234.0,1,166.0,3,1
-103.0,17,3253.0,1,-1.0,0,2
259.0,18,12.0,2,-1.0,0,1
7032.0,17,102.0,1,-1.0,0,1
1403.0,9,14.0,1,-1.0,0,1
1672.0,25,148.0,1,-1.0,0,1
4500.0,11,733.0,2,-1.0,0,2
934.0,18,909.0,3,-1.0,0,1
0.0,9,17.0,1,-1.0,0,1
7938.0,17,133.0,1,-1.0,0,1
7.0,15,87.0,1,-1.0,0,1
2331.0,11,425.0,1,183.0,2,2
303.0,18,252.0,1,92.0,1,2
9687.0,29,936.0,1,-1.0,0,1
3391.0,21,243.0,1,-1.0,0,2
193.0,29,116.0,2,-1.0,0,1
8821.0,14,167.0,1,-1.0,0,1
309.0,7,1574.0,2,-1.0,0,2
-1038.0,23,222.0,1,-1.0,0,1
947.0,8,124.0,2,-1.0,0,1
-509.0,6,124.0,1,-1.0,0,1
0.0,4,1165.0,1,-1.0,0,2
382.0,13,256.0,2,92.0,3,2
1019.0,4,155.0,1,234.0,1,1
394.0,29,551.0,2,-1.0,0,1
241.0,12,211.0,5,-1.0,0,1
817.0,14,517.0,1,282.0,4,2
4367.0,3,65.0,1,96.0,1,1
0.0,14,81.0,2,-1.0,0,1
73.0,30,374.0,1,79.0,1,1
381.0,15,951.0,1,-1.0,0,1
298.0,20,216.0,1,-1.0,0,1
82.0,31,134.0,5,-1.0,0,1
61.0,24,286.0,4,-1.0,0,1
1767.0,9,483.0,4,239.0,7,2
-407.0,27,46.0,1,-1.0,0,1
0.0,7,487.0,1,-1.0,0,1
3982.0,20,206.0,1,-1.0,0,2
-146.0,20,239.0,2,-1.0,0,1
760.0,20,9.0,13,-1.0,0,1
10787.0,4,135.0,2,-1.0,0,1
373.0,11,819.0,2,-1.0,0,2
1177.0,8,243.0,4,-1.0,0,2
192.0,7,320.0,1,-1.0,0,1
257.0,12,955.0,2,-1.0,0,2
89.0,2,51.0,4,-1.0,0,1
1894.0,15,189.0,1,-1.0,0,1
1438.0,27,321.0,1,449.0,1,2
699.0,28,396.0,1,-1.0,0,1
-495.0,11,51.0,6,-1.0,0,1
514.0,4,673.0,6,90.0,1,2
0.0,7,172.0,2,-1.0,0,1
9143.0,29,851.0,2,-1.0,0,1
1615.0,14,178.0,8,174.0,3,1
1434.0,21,50.0,2,-1.0,0,1
952.0,2,310.0,1,-1.0,0,2
2.0,25,174.0,10,-1.0,0,1
3798.0,17,1208.0,1,-1.0,0,2
902.0,27,106.0,2,-1.0,0,1
-152.0,26,14.0,11,-1.0,0,1
-40.0,15,311.0,1,368.0,2,2
716.0,5,444.0,2,-1.0,0,1
792.0,25,630.0,7,-1.0,0,2
734.0,17,1208.0,3,-1.0,0,1
221.0,2,93.0,1,235.0,1,1
2984.0,20,11.0,3,-1.0,0,1
-6.0,29,362.0,2,-1.0,0,1
246.0,17,453.0,2,-1.0,0,2
219.0,29,161.0,1,-1.0,0,1
2367.0,22,173.0,2,181.0,4,2
-41.0,20,8.0,3,-1.0,0,1
-305.0,20,83.0,3,-1.0,0,1
536.0,22,234.0,1,92.0,1,2
1804.0,23,206.0,1,-1.0,0,1
146.0,6,294.0,1,305.0,15,1
1205.0,15,129.0,1,188.0,2,1
5.0,17,840.0,3,-1.0,0,2
2160.0,8,261.0,1,98.0,1,2
-370.0,27,98.0,1,-1.0,0,1
16.0,17,158.0,2,-1.0,0,1
336.0,14,260.0,3,457.0,1,2
2383.0,13,379.0,6,-1.0,0,2
1818.0,12,120.0,1,104.0,1,1
1458.0,30,281.0,1,-1.0,0,2
7613.0,18,355.0,3,-1.0,0,2
446.0,8,594.0,4,331.0,1,1
-779.0,22,112.0,2,-1.0,0,1
104.0,27,86.0,5,-1.0,0,1
5514.0,22,181.0,1,-1.0,0,2
37.0,18,155.0,2,-1.0,0,1
199.0,7,1689.0,4,-1.0,0,2
82.0,29,45.0,4,-1.0,0,1
827.0,6,254.0,1,267.0,4,1
39.0,30,354.0,3,-1.0,0,1
0.0,20,1023.0,3,-1.0,0,2
0.0,16,16.0,25,-1.0,0,1
1588.0,6,728.0,1,-1.0,0,2
737.0,13,100.0,2,-1.0,0,1
2686.0,15,808.0,3,-1.0,0,2
1989.0,17,344.0,2,-1.0,0,1
0.0,23,541.0,2,-1.0,0,1
4291.0,7,1321.0,9,-1.0,0,2
284.0,29,717.0,3,-1.0,0,2
1696.0,6,486.0,1,-1.0,0,2
0.0,21,183.0,2,-1.0,0,1
72.0,8,80.0,1,-1.0,0,1
654.0,25,615.0,4,-1.0,0,2
94.0,22,579.0,2,-1.0,0,2
2283.0,6,303.0,2,92.0,4,2
388.0,25,272.0,1,-1.0,0,2
982.0,20,650.0,3,-1.0,0,2
2823.0,14,858.0,1,-1.0,0,2
0.0,16,46.0,1,-1.0,0,1
133.0,9,338.0,4,-1.0,0,1
398.0,13,716.0,1,-1.0,0,2
312.0,25,612.0,7,-1.0,0,2
943.0,30,512.0,1,-1.0,0,2
-887.0,18,827.0,2,-1.0,0,2
8.0,15,155.0,6,-1.0,0,1
-21.0,18,68.0,2,368.0,3,1
253.0,20,345.0,1,-1.0,0,2
133.0,15,171.0,1,-1.0,0,2
1950.0,4,498.0,1,-1.0,0,1
4243.0,30,416.0,2,-1.0,0,2
0.0,19,952.0,4,-1.0,0,2
676.0,7,1182.0,1,-1.0,0,2
464.0,10,317.0,2,518.0,1,2
20422.0,12,90.0,2,-1.0,0,1
482.0,14,413.0,1,181.0,3,2
1076.0,5,136.0,10,-1.0,0,2
113.0,17,266.0,1,-1.0,0,2
1551.0,8,389.0,7,-1.0,0,1
1167.0,1,264.0,1,-1.0,0,2
20.0,28,304.0,1,71.0,1,1
234.0,23,169.0,2,-1.0,0,1
2977.0,18,286.0,5,-1.0,0,1
686.0,30,98.0,2,-1.0,0,1
396.0,20,319.0,3,-1.0,0,1
874.0,19,819.0,3,-1.0,0,2
11.0,12,214.0,4,-1.0,0,1
357.0,18,175.0,2,-1.0,0,1
-204.0,28,234.0,15,-1.0,0,1
409.0,9,564.0,5,-1.0,0,2
3574.0,19,178.0,1,170.0,2,1
3131.0,24,401.0,1,-1.0,0,1
0.0,30,297.0,1,83.0,6,2
73.0,10,159.0,1,-1.0,0,2
310.0,17,334.0,2,240.0,2,1
0.0,19,73.0,5,-1.0,0,1
1492.0,23,67.0,13,-1.0,0,1
1353.0,18,528.0,5,-1.0,0,2
358.0,14,407.0,2,92.0,2,1
6013.0,18,612.0,1,-1.0,0,2
1718.0,5,211.0,1,-1.0,0,2
-73.0,28,80.0,9,-1.0,0,1
970.0,4,297.0,1,-1.0,0,1
-374.0,20,160.0,2,-1.0,0,1
874.0,8,861.0,3,-1.0,0,1
1.0,4,1076.0,3,175.0,1,2
24.0,8,169.0,1,231.0,2,1
883.0,3,166.0,2,173.0,3,1
1601.0,7,615.0,1,137.0,3,1
4657.0,16,93.0,5,-1.0,0,2
1288.0,7,6.0,1,-1.0,0,1
409.0,20,25.0,1,-1.0,0,1
1026.0,13,101.0,3,-1.0,0,1
211.0,29,230.0,4,-1.0,0,1
602.0,4,390.0,2,150.0,6,2
300.0,30,922.0,5,-1.0,0,2
2385.0,4,119.0,2,-1.0,0,1
2018.0,11,1238.0,1,-1.0,0,2
156.0,4,298.0,2,82.0,4,1
2331.0,9,201.0,1,-1.0,0,2
113.0,22,38.0,1,-1.0,0,1
2442.0,16,91.0,3,-1.0,0,2
718.0,8,91.0,3,-1.0,0,1
1293.0,20,164.0,1,-1.0,0,1
0.0,21,183.0,8,-1.0,0,1
6199.0,3,531.0,1,-1.0,0,1
0.0,26,87.0,2,200.0,2,1
1331.0,12,126.0,1,92.0,5,2
33.0,6,326.0,1,-1.0,0,1
1672.0,20,462.0,1,648.0,1,2
437.0,6,109.0,1,-1.0,0,1
1320.0,28,340.0,1,91.0,2,2
1476.0,18,209.0,12,-1.0,0,1
397.0,11,389.0,6,-1.0,0,1
-73.0,11,90.0,1,-1.0,0,1
283.0,26,126.0,2,-1.0,0,1
1946.0,19,192.0,1,95.0,1,2
297.0,16,357.0,2,-1.0,0,1
810.0,4,510.0,3,-1.0,0,2
4389.0,8,618.0,1,-1.0,0,2
436.0,13,567.0,1,595.0,2,2
0.0,15,435.0,1,-1.0,0,1
73.0,4,426.0,2,-1.0,0,2
-150.0,6,328.0,1,-1.0,0,1
968.0,28,95.0,10,-1.0,0,1
752.0,29,211.0,5,491.0,4,2
999.0,18,98.0,4,-1.0,0,1
5359.0,27,119.0,1,98.0,1,2
61.0,23,197.0,2,-1.0,0,1
306.0,28,223.0,1,-1.0,0,2
0.0,17,1448.0,7,-1.0,0,2
89.0,22,120.0,1,-1.0,0,1
2896.0,4,180.0,2,-1.0,0,2
618.0,10,352.0,2,102.0,2,1
1697.0,20,55.0,2,-1.0,0,1
20.0,14,1151.0,2,-1.0,0,2
291.0,7,882.0,2,-1.0,0,2
1735.0,20,375.0,2,-1.0,0,1
3932.0,14,407.0,2,-1.0,0,1
3090.0,21,139.0,1,-1.0,0,1
687.0,13,113.0,3,33.0,2,1
1288.0,28,515.0,3,-1.0,0,1
704.0,3,537.0,1,-1.0,0,2
11862.0,13,119.0,1,-1.0,0,2
432.0,15,10.0,2,373.0,1,1
562.0,13,303.0,2,-1.0,0,1
4050.0,28,166.0,1,-1.0,0,1
1375.0,30,170.0,7,-1.0,0,1
5829.0,23,41.0,2,-1.0,0,1
0.0,19,209.0,3,-1.0,0,1
145.0,12,556.0,2,287.0,13,2
0.0,27,548.0,1,-1.0,0,1
132.0,1,194.0,1,119.0,1,2
232.0,15,141.0,1,-1.0,0,2
197.0,17,113.0,1,-1.0,0,2
1070.0,5,346.0,3,-1.0,0,1
116.0,30,203.0,1,-1.0,0,1
2040.0,2,803.0,1,-1.0,0,2
255.0,9,190.0,1,-1.0,0,2
292.0,21,133.0,2,-1.0,0,1
0.0,5,301.0,1,365.0,1,1
4536.0,21,963.0,1,-1.0,0,2
1410.0,21,42.0,1,-1.0,0,1
51.0,28,2150.0,2,-1.0,0,1
2658.0,31,265.0,1,230.0,2,1
3354.0,29,746.0,1,-1.0,0,2
-75.0,18,115.0,1,-1.0,0,1
3119.0,16,306.0,1,-1.0,0,2
1374.0,8,479.0,2,359.0,3,2
855.0,3,235.0,2,-1.0,0,1
1429.0,31,268.0,8,-1.0,0,2
392.0,23,302.0,1,-1.0,0,1
9367.0,4,617.0,2,-1.0,0,2
4112.0,23,282.0,2,-1.0,0,2
2093.0,8,371.0,6,-1.0,0,1
393.0,27,1298.0,1,-1.0,0,2
-19.0,5,124.0,3,-1.0,0,1
1384.0,15,1162.0,4,-1.0,0,2
-158.0,17,59.0,1,-1.0,0,1
2088.0,9,15.0,14,-1.0,0,1
265.0,25,414.0,1,184.0,1,2
6360.0,20,1409.0,2,-1.0,0,2
0.0,20,174.0,5,-1.0,0,1
65.0,15,881.0,1,-1.0,0,2
263.0,29,127.0,2,255.0,1,1
1348.0,1,358.0,2,-1.0,0,2
3401.0,2,111.0,1,-1.0,0,1
116.0,11,268.0,1,183.0,7,2
610.0,20,241.0,2,-1.0,0,1
2015.0,29,480.0,10,-1.0,0,1
428.0,7,221.0,2,267.0,3,1
2990.0,17,83.0,1,-1.0,0,1
553.0,7,1272.0,3,-1.0,0,2
5.0,20,165.0,2,-1.0,0,1
4684.0,30,268.0,3,-1.0,0,2
3271.0,4,949.0,3,-1.0,0,2
316.0,12,463.0,3,-1.0,0,1
37.0,8,669.0,2,-1.0,0,2
300.0,13,945.0,2,-1.0,0,2
12409.0,19,140.0,1,99.0,2,1
732.0,2,231.0,1,-1.0,0,1
2854.0,18,354.0,2,169.0,1,1
0.0,7,94.0,1,-1.0,0,1
76.0,18,639.0,2,-1.0,0,2
2323.0,18,45.0,4,-1.0,0,1
3143.0,29,421.0,2,-1.0,0,2
-94.0,4,1164.0,1,203.0,1,2
1730.0,4,605.0,2,92.0,4,2
-32.0,6,366.0,2,178.0,9,2
2574.0,15,432.0,1,176.0,1,2
-3058.0,17,882.0,3,-1.0,0,2
0.0,5,70.0,4,-1.0,0,1
39.0,20,149.0,1,-1.0,0,1
695.0,16,1064.0,4,-1.0,0,2
115.0,7,36.0,1,-1.0,0,1
35.0,19,323.0,2,-1.0,0,1
305.0,30,633.0,1,85.0,2,2
2303.0,17,775.0,3,-1.0,0,2
219.0,18,1574.0,3,-1.0,0,2
293.0,17,1017.0,1,325.0,1,2
0.0,30,539.0,12,-1.0,0,2
1784.0,12,753.0,1,-1.0,0,1
7803.0,15,441.0,1,-1.0,0,2
1240.0,18,88.0,1,-1.0,0,1
519.0,16,434.0,1,57.0,1,2
1441.0,17,156.0,1,-1.0,0,1
272.0,14,100.0,2,-1.0,0,2
4575.0,18,28.0,1,-1.0,0,1
6481.0,19,131.0,1,-1.0,0,2
1227.0,30,1005.0,5,134.0,10,2
129.0,27,149.0,1,-1.0,0,2
0.0,10,213.0,1,190.0,1,2
3844.0,3,132.0,2,-1.0,0,1
992.0,1,238.0,1,-1.0,0,2
295.0,17,123.0,1,164.0,2,1
3082.0,11,285.0,1,-1.0,0,2
0.0,16,136.0,2,-1.0,0,2
429.0,20,31.0,3,153.0,2,1
-169.0,14,310.0,3,-1.0,0,1
-242.0,20,1202.0,3,-1.0,0,2
199.0,3,373.0,1,236.0,2,1
5278.0,4,763.0,4,-1.0,0,1
66.0,18,1164.0,2,-1.0,0,2
523.0,3,83.0,1,-1.0,0,2
926.0,7,385.0,5,-1.0,0,2
3951.0,28,134.0,1,91.0,1,2
786.0,10,84.0,3,-1.0,0,2
0.0,26,189.0,1,-1.0,0,2
268.0,13,528.0,1,358.0,2,1
1167.0,4,505.0,1,96.0,6,2
4539.0,16,387.0,1,-1.0,0,2
-1.0,8,228.0,2,-1.0,0,1
3886.0,11,297.0,2,-1.0,0,1
445.0,18,475.0,1,-1.0,0,2
514.0,25,56.0,1,185.0,1,1
2269.0,18,132.0,1,279.0,2,1
0.0,9,1486.0,1,-1.0,0,2
0.0,29,137.0,1,-1.0,0,1
5037.0,18,1437.0,2,-1.0,0,2
2787.0,1,372.0,1,-1.0,0,2
3259.0,20,182.0,1,-1.0,0,1
1201.0,30,652.0,2,-1.0,0,1
376.0,16,173.0,1,-1.0,0,2
19.0,16,56.0,3,-1.0,0,1
0.0,14,195.0,2,-1.0,0,1
263.0,21,206.0,3,-1.0,0,1
118.0,17,1275.0,1,-1.0,0,2
440.0,6,495.0,1,-1.0,0,2
378.0,18,55.0,9,-1.0,0,1
-168.0,23,1327.0,2,-1.0,0,2
8029.0,14,593.0,4,-1.0,0,2
479.0,12,515.0,1,350.0,5,2
91.0,26,128.0,3,-1.0,0,2
0.0,28,1199.0,2,-1.0,0,2
3881.0,4,136.0,3,-1.0,0,2
-253.0,25,43.0,1,-1.0,0,1
6164.0,17,101.0,1,-1.0,0,1
1567.0,20,77.0,3,-1.0,0,1
4147.0,14,211.0,3,-1.0,0,2
-5.0,19,260.0,1,-1.0,0,1
328.0,4,203.0,1,-1.0,0,1
469.0,16,161.0,1,-1.0,0,2
8381.0,15,82.0,1,145.0,1,1
242.0,14,1336.0,4,-1.0,0,2
305.0,24,367.0,2,-1.0,0,2
715.0,11,323.0,1,-1.0,0,2
149.0,29,507.0,3,349.0,1,2
849.0,6,3102.0,3,-1.0,0,2
0.0,2,1036.0,1,-1.0,0,2
-46.0,1,199.0,1,92.0,14,2
926.0,15,382.0,4,185.0,6,2
5.0,16,102.0,1,-1.0,0,1
1009.0,20,1036.0,5,-1.0,0,2
0.0,9,115.0,4,-1.0,0,1
3899.0,28,596.0,4,-1.0,0,2
163.0,30,707.0,2,2.0,1,2
13.0,6,116.0,11,-1.0,0,1
3357.0,9,239.0,4,-1.0,0,2
606.0,28,560.0,9,-1.0,0,2
123.0,3,301.0,3,-1.0,0,2
10031.0,18,65.0,2,-1.0,0,1
115.0,17,187.0,1,-1.0,0,2
358.0,13,134.0,2,-1.0,0,1
313.0,8,227.0,2,-1.0,0,1
1206.0,8,309.0,1,446.0,3,2
1295.0,21,476.0,1,-1.0,0,2
4580.0,15,911.0,2,-1.0,0,2
1307.0,14,294.0,2,-1.0,0,1
548.0,18,457.0,11,-1.0,0,1
3229.0,20,1550.0,1,-1.0,0,2
0.0,26,76.0,2,-1.0,0,1
-313.0,20,407.0,1,-1.0,0,1
-429.0,18,292.0,3,-1.0,0,1
62.0,20,213.0,3,-1.0,0,2
607.0,27,110.0,2,-1.0,0,2
2996.0,5,49.0,1,-1.0,0,1
116.0,30,46.0,1,-1.0,0,1
141.0,6,424.0,1,-1.0,0,1
4659.0,30,28.0,1,-1.0,0,1
1317.0,20,543.0,1,170.0,4,2
7459.0,9,407.0,2,-1.0,0,1
296.0,15,805.0,3,-1.0,0,2
-271.0,2,90.0,1,252.0,2,1
409.0,14,120.0,4,-1.0,0,1
10346.0,15,491.0,2,207.0,1,2
0.0,28,161.0,1,98.0,2,2
5.0,29,401.0,1,-1.0,0,2
255.0,30,457.0,1,80.0,1,2
612.0,5,47.0,1,198.0,5,1
-232.0,30,557.0,2,-1.0,0,1
487.0,16,163.0,1,200.0,1,1
490.0,6,246.0,3,-1.0,0,1
74.0,6,174.0,1,-1.0,0,1
1587.0,28,200.0,2,-1.0,0,1
799.0,23,2078.0,6,-1.0,0,2
806.0,17,108.0,1,-1.0,0,2
1091.0,15,778.0,3,-1.0,0,1
374.0,28,49.0,4,-1.0,0,1
855.0,21,786.0,2,-1.0,0,1
124.0,29,14.0,15,-1.0,0,1
2692.0,18,99.0,2,-1.0,0,1
1868.0,9,213.0,2,-1.0,0,1
160.0,5,156.0,1,-1.0,0,1
353.0,12,582.0,1,-1.0,0,2
334.0,19,270.0,2,-1.0,0,1
50.0,22,213.0,5,-1.0,0,1
302.0,17,112.0,1,-1.0,0,1
6574.0,8,138.0,3,-1.0,0,2
555.0,9,344.0,1,-1.0,0,2
78.0,30,2692.0,9,-1.0,0,2
751.0,2,186.0,4,-1.0,0,1
523.0,2,712.0,1,60.0,3,2
0.0,17,134.0,2,91.0,1,2
1186.0,10,313.0,1,-1.0,0,1
7343.0,17,78.0,1,-1.0,0,1
-22.0,4,166.0,2,-1.0,0,1
2081.0,15,147.0,1,-1.0,0,1
1033.0,24,283.0,1,-1.0,0,1
5.0,17,1007.0,2,-1.0,0,2
757.0,10,154.0,1,-1.0,0,2
17.0,22,621.0,1,-1.0,0,2
0.0,18,551.0,1,-1.0,0,1
198.0,5,161.0,1,-1.0,0,1
935.0,9,165.0,1,91.0,7,2
574.0,18,196.0,3,-1.0,0,1
282.0,7,261.0,12,-1.0,0,1
360.0,19,164.0,2,-1.0,0,1
111.0,7,495.0,2,-1.0,0,2
1416.0,10,436.0,2,182.0,1,2
82.0,9,654.0,1,-1.0,0,2
1079.0,19,117.0,6,-1.0,0,1
2326.0,16,319.0,1,-1.0,0,2
370.0,7,216.0,1,-1.0,0,1
113.0,13,165.0,2,-1.0,0,1
309.0,5,578.0,1,-1.0,0,2
592.0,13,204.0,2,99.0,5,2
630.0,23,177.0,2,-1.0,0,1
1696.0,26,257.0,1,474.0,3,2
199.0,11,127.0,2,461.0,4,1
507.0,8,85.0,2,-1.0,0,1
2915.0,8,519.0,1,131.0,2,2
17924.0,14,745.0,1,174.0,3,2
1149.0,15,82.0,2,-1.0,0,1
1412.0,27,157.0,2,-1.0,0,1
2145.0,22,271.0,1,183.0,3,2
-220.0,26,138.0,2,-1.0,0,1
2666.0,8,411.0,2,148.0,9,2
1228.0,15,77.0,2,-1.0,0,1
0.0,19,179.0,2,-1.0,0,1
764.0,16,108.0,5,-1.0,0,1
685.0,26,896.0,3,-1.0,0,2
800.0,19,76.0,6,-1.0,0,1
281.0,11,7.0,11,360.0,2,1
-487.0,17,1080.0,1,-1.0,0,2
467.0,25,129.0,5,-1.0,0,1
1390.0,20,552.0,4,-1.0,0,1
0.0,2,541.0,3,-1.0,0,2
84.0,28,715.0,8,-1.0,0,1
753.0,2,2870.0,2,-1.0,0,1
849.0,19,94.0,1,-1.0,0,1
597.0,16,686.0,6,-1.0,0,2
2619.0,16,181.0,2,-1.0,0,1
4136.0,30,812.0,3,-1.0,0,2
-76.0,18,143.0,1,-1.0,0,1
281.0,19,100.0,3,-1.0,0,1
2146.0,7,1516.0,2,353.0,2,2
507.0,8,95.0,1,-1.0,0,1
863.0,16,1193.0,5,-1.0,0,2
1524.0,3,1007.0,6,-1.0,0,2
-95.0,13,200.0,1,-1.0,0,1
419.0,5,420.0,1,-1.0,0,1
308.0,7,96.0,3,-1.0,0,1
602.0,20,191.0,7,-1.0,0,1
0.0,18,420.0,2,-1.0,0,1
27.0,3,404.0,4,-1.0,0,1
1556.0,20,340.0,1,-1.0,0,1
397.0,16,127.0,1,257.0,1,2
538.0,17,118.0,3,-1.0,0,1
315.0,5,181.0,2,-1.0,0,1
1076.0,11,131.0,1,96.0,5,2
3301.0,2,131.0,2,171.0,2,1
702.0,12,143.0,1,-1.0,0,1
2881.0,2,120.0,3,-1.0,0,2
2007.0,30,419.0,1,-1.0,0,1
786.0,28,122.0,11,-1.0,0,1
465.0,22,1508.0,1,-1.0,0,2
3549.0,13,250.0,4,-1.0,0,1
63.0,2,56.0,8,-1.0,0,1
0.0,24,90.0,6,-1.0,0,1
-74.0,4,147.0,1,-1.0,0,1
61.0,11,253.0,1,174.0,4,2
2600.0,3,443.0,2,82.0,3,2
338.0,29,245.0,1,92.0,3,1
-1136.0,25,155.0,1,-1.0,0,1
1091.0,30,441.0,5,-1.0,0,2
-389.0,4,1242.0,1,-1.0,0,2
940.0,15,382.0,1,-1.0,0,2
1580.0,21,82.0,5,155.0,1,1
578.0,30,206.0,3,-1.0,0,1
62.0,18,473.0,3,-1.0,0,2
1023.0,31,189.0,4,-1.0,0,1
2850.0,17,185.0,1,-1.0,0,2
720.0,24,651.0,1,-1.0,0,2
309.0,21,467.0,2,184.0,1,2
2.0,24,454.0,1,-1.0,0,2
3129.0,20,33.0,6,-1.0,0,1
3041.0,8,606.0,3,-1.0,0,2
197.0,20,78.0,3,-1.0,0,2
553.0,12,645.0,8,-1.0,0,2
1388.0,11,767.0,2,83.0,1,2
719.0,30,76.0,1,-1.0,0,1
106.0,30,150.0,5,-1.0,0,1
100.0,29,206.0,1,-1.0,0,1
-31.0,14,117.0,4,-1.0,0,1
2583.0,6,129.0,1,-1.0,0,1
806.0,19,253.0,3,458.0,1,2
682.0,5,166.0,2,-1.0,0,1
158.0,9,278.0,2,132.0,4,2
12857.0,6,158.0,1,92.0,1,2
0.0,4,233.0,3,276.0,2,2
1780.0,23,221.0,2,183.0,3,2
216.0,13,66.0,1,-1.0,0,1
333.0,8,501.0,2,-1.0,0,2
-130.0,20,224.0,1,-1.0,0,1
2471.0,23,206.0,1,-1.0,0,1
717.0,4,152.0,6,-1.0,0,1
4041.0,14,713.0,2,-1.0,0,2
-28.0,2,220.0,2,-1.0,0,1
619.0,7,327.0,2,-1.0,0,1
47.0,8,141.0,1,-1.0,0,1
339.0,26,165.0,5,-1.0,0,1
448.0,24,136.0,1,-1.0,0,2
66.0,7,1391.0,2,-1.0,0,2
8535.0,18,393.0,2,-1.0,0,2
1767.0,12,893.0,7,-1.0,0,2
2939.0,15,348.0,2,-1.0,0,2
489.0,20,212.0,1,-1.0,0,1
0.0,14,246.0,2,-1.0,0,1
18.0,12,399.0,4,343.0,1,1
240.0,20,325.0,1,-1.0,0,2
332.0,14,190.0,2,84.0,7,1
2160.0,5,1090.0,1,-1.0,0,2
0.0,29,213.0,4,-1.0,0,1
459.0,18,494.0,1,-1.0,0,2
649.0,15,668.0,1,-1.0,0,2
0.0,21,219.0,2,-1.0,0,1
738.0,18,215.0,3,-1.0,0,1
188.0,20,570.0,2,-1.0,0,2
0.0,5,160.0,1,-1.0,0,1
-68.0,24,78.0,1,-1.0,0,1
5848.0,19,55.0,1,-1.0,0,1
365.0,4,643.0,1,-1.0,0,2
1304.0,5,93.0,3,-1.0,0,1
1750.0,5,197.0,1,-1.0,0,1
64.0,18,302.0,3,-1.0,0,1
1293.0,15,245.0,9,373.0,2,1
222.0,15,820.0,4,-1.0,0,2
9634.0,12,781.0,5,-1.0,0,1
24.0,28,404.0,1,-1.0,0,1
404.0,29,539.0,1,-1.0,0,2
2957.0,8,733.0,3,-1.0,0,2
-1655.0,28,333.0,2,-1.0,0,1
1215.0,11,154.0,1,-1.0,0,1
171.0,14,75.0,3,-1.0,0,1
1853.0,26,314.0,1,-1.0,0,2
3324.0,13,227.0,2,192.0,1,2
1970.0,30,701.0,1,176.0,1,2
2666.0,5,475.0,2,93.0,4,2
284.0,1,781.0,1,-1.0,0,2
1071.0,16,225.0,1,91.0,1,2
184.0,7,128.0,3,-1.0,0,1
77.0,21,180.0,4,-1.0,0,1
246.0,14,157.0,2,345.0,5,1
1639.0,12,349.0,1,-1.0,0,2
82.0,8,507.0,4,-1.0,0,2
61.0,28,198.0,1,-1.0,0,1
9.0,14,165.0,1,-1.0,0,1
54.0,28,543.0,2,-1.0,0,2
2354.0,5,226.0,7,-1.0,0,2
2845.0,30,779.0,2,-1.0,0,2
997.0,3,256.0,1,190.0,3,1
-413.0,27,422.0,6,-1.0,0,2
-717.0,28,148.0,3,-1.0,0,1
535.0,16,183.0,1,94.0,1,2
137.0,16,187.0,19,-1.0,0,1
334.0,26,360.0,1,326.0,8,2
1354.0,29,50.0,2,-1.0,0,1
0.0,20,134.0,3,-1.0,0,1
-56.0,19,418.0,1,-1.0,0,1
538.0,13,306.0,1,67.0,2,1
114.0,30,517.0,1,-1.0,0,2
297.0,26,63.0,4,-1.0,0,1
261.0,22,296.0,3,-1.0,0,1
2480.0,6,763.0,2,-1.0,0,2
432.0,20,588.0,6,-1.0,0,2
5303.0,19,133.0,1,-1.0,0,2
668.0,2,363.0,1,-1.0,0,2
26254.0,21,49.0,1,-1.0,0,1
47.0,4,288.0,5,-1.0,0,2
8828.0,12,1010.0,3,-1.0,0,2
581.0,29,182.0,1,-1.0,0,1
171.0,10,93.0,1,-1.0,0,2
1720.0,3,284.0,2,273.0,1,2
4.0,17,135.0,1,-1.0,0,1
2666.0,30,170.0,2,-1.0,0,1
2120.0,11,236.0,3,-1.0,0,1
825.0,21,506.0,2,-1.0,0,2
3669.0,17,370.0,1,-1.0,0,1
306.0,17,314.0,2,-1.0,0,1
-33.0,28,198.0,3,-1.0,0,1
1559.0,3,136.0,2,280.0,1,2
-65.0,4,90.0,4,-1.0,0,1
2583.0,28,64.0,1,95.0,2,1
499.0,31,37.0,10,-1.0,0,1
889.0,19,197.0,4,-1.0,0,1
613.0,30,242.0,1,86.0,1,2
0.0,30,154.0,1,-1.0,0,2
1250.0,25,411.0,2,-1.0,0,2
900.0,2,156.0,1,-1.0,0,1
2283.0,14,221.0,3,-1.0,0,1
1181.0,30,650.0,2,-1.0,0,2
3551.0,15,134.0,9,-1.0,0,1
267.0,26,128.0,1,-1.0,0,1
-886.0,26,224.0,1,-1.0,0,1
151.0,18,14.0,4,-1.0,0,1
390.0,13,460.0,2,-1.0,0,1
1800.0,18,103.0,1,-1.0,0,1
0.0,22,460.0,1,-1.0,0,1
471.0,13,954.0,2,293.0,4,2
3304.0,20,218.0,1,-1.0,0,1
4635.0,20,148.0,1,-1.0,0,1
465.0,16,180.0,1,302.0,3,2
3713.0,24,323.0,2,353.0,3,2
3324.0,11,309.0,1,90.0,4,2
654.0,15,875.0,1,-1.0,0,2
437.0,5,504.0,1,92.0,1,2
2677.0,20,259.0,1,-1.0,0,1
3429.0,17,516.0,1,-1.0,0,1
-194.0,14,133.0,3,-1.0,0,1
459.0,7,623.0,1,293.0,1,2
3608.0,14,196.0,8,182.0,4,2
0.0,29,183.0,3,-1.0,0,1
55.0,18,185.0,1,-1.0,0,1
129.0,28,867.0,2,-1.0,0,2
3902.0,23,856.0,1,-1.0,0,2
5903.0,8,194.0,1,-1.0,0,1
1981.0,22,437.0,2,-1.0,0,1
324.0,15,528.0,3,-1.0,0,1
6.0,20,41.0,7,-1.0,0,1
0.0,26,60.0,2,-1.0,0,1
0.0,13,1073.0,1,-1.0,0,2
190.0,19,623.0,1,175.0,1,2
828.0,13,305.0,1,-1.0,0,2
273.0,14,492.0,1,175.0,2,2
108.0,13,83.0,7,-1.0,0,1
1967.0,27,242.0,1,212.0,1,2
6571.0,3,208.0,1,-1.0,0,2
53.0,6,530.0,1,-1.0,0,2
7918.0,7,497.0,1,-1.0,0,2
1944.0,14,222.0,5,-1.0,0,1
101.0,17,130.0,1,-1.0,0,1
4279.0,22,98.0,1,-1.0,0,1
480.0,22,344.0,2,182.0,8,2
858.0,26,202.0,2,-1.0,0,2
135.0,12,268.0,3,-1.0,0,1
755.0,17,120.0,1,-1.0,0,2
5301.0,21,937.0,2,-1.0,0,2
577.0,14,337.0,1,-1.0,0,1
572.0,8,319.0,1,-1.0,0,2
700.0,21,88.0,6,-1.0,0,1
188.0,14,141.0,2,-1.0,0,1
1055.0,18,150.0,2,-1.0,0,2
1413.0,1,532.0,2,188.0,2,2
4736.0,11,285.0,2,-1.0,0,2
358.0,16,330.0,1,-1.0,0,2
-725.0,27,1205.0,1,-1.0,0,2
223.0,6,862.0,11,-1.0,0,2
1161.0,21,192.0,1,-1.0,0,1
870.0,16,257.0,1,-1.0,0,2
991.0,14,589.0,2,-1.0,0,2
52.0,2,378.0,4,-1.0,0,2
120.0,17,179.0,1,-1.0,0,1
323.0,28,332.0,2,181.0,2,2
0.0,6,138.0,3,-1.0,0,1
781.0,20,305.0,1,-1.0,0,1
88.0,13,190.0,1,-1.0,0,1
0.0,16,986.0,1,94.0,8,1
7968.0,2,263.0,2,180.0,2,2
334.0,15,169.0,2,365.0,2,1
113.0,12,306.0,1,457.0,3,2
102.0,13,252.0,5,-1.0,0,1
3648.0,23,257.0,2,126.0,3,2
0.0,18,390.0,5,-1.0,0,2
895.0,12,1531.0,1,-1.0,0,2
280.0,18,61.0,23,-1.0,0,1
495.0,30,266.0,1,87.0,1,2
10576.0,15,1224.0,2,-1.0,0,2
3895.0,7,116.0,1,-1.0,0,1
400.0,13,122.0,1,-1.0,0,1
3115.0,16,432.0,5,-1.0,0,2
-154.0,7,215.0,2,294.0,1,1
801.0,7,341.0,5,-1.0,0,2
19.0,30,604.0,2,-1.0,0,2
2956.0,6,835.0,2,-1.0,0,2
2580.0,16,270.0,3,202.0,7,2
14850.0,5,122.0,5,-1.0,0,1
-68.0,25,121.0,4,-1.0,0,1
976.0,19,164.0,1,-1.0,0,2
51.0,14,935.0,2,-1.0,0,1
490.0,18,70.0,5,-1.0,0,1
4329.0,21,534.0,2,-1.0,0,2
311.0,14,122.0,2,-1.0,0,1
344.0,11,255.0,15,-1.0,0,1
466.0,28,171.0,1,-1.0,0,1
828.0,17,156.0,1,199.0,1,2
334.0,28,614.0,3,94.0,9,2
227.0,13,477.0,2,-1.0,0,2
1443.0,21,2062.0,2,257.0,1,2
1826.0,17,264.0,4,-1.0,0,1
992.0,31,196.0,2,-1.0,0,1
2038.0,9,628.0,1,182.0,2,2
350.0,29,328.0,2,-1.0,0,1
0.0,10,60.0,1,-1.0,0,1
280.0,8,435.0,2,340.0,3,1
24.0,18,415.0,2,-1.0,0,2
0.0,15,263.0,1,-1.0,0,1
288.0,1,101.0,1,-1.0,0,2
339.0,3,350.0,1,182.0,1,2
-185.0,12,167.0,2,350.0,2,1
790.0,7,324.0,3,-1.0,0,1
8863.0,19,435.0,2,-1.0,0,1
2948.0,21,893.0,1,-1.0,0,2
-141.0,13,211.0,3,345.0,3,1
0.0,1,318.0,1,-1.0,0,2
617.0,4,1161.0,1,97.0,2,2
0.0,3,51.0,9,-1.0,0,1
1783.0,17,540.0,2,-1.0,0,2
3070.0,7,663.0,4,-1.0,0,2
3.0,16,1034.0,1,-1.0,0,2
6489.0,19,263.0,1,-1.0,0,1
37.0,12,281.0,1,-1.0,0,1
-153.0,20,62.0,4,-1.0,0,1
39.0,13,343.0,1,-1.0,0,1
2026.0,17,100.0,8,-1.0,0,1
410.0,2,317.0,6,-1.0,0,1
1026.0,5,669.0,1,-1.0,0,2
-424.0,26,863.0,1,-1.0,0,1
311.0,7,798.0,2,-1.0,0,2
3279.0,21,189.0,4,-1.0,0,1
697.0,18,253.0,2,-1.0,0,1
0.0,25,81.0,6,-1.0,0,1
162.0,11,0.0,2,-1.0,0,1
1196.0,14,108.0,6,-1.0,0,1
894.0,28,328.0,1,-1.0,0,1
5997.0,15,270.0,3,-1.0,0,1
710.0,5,683.0,2,-1.0,0,1
457.0,30,67.0,2,-1.0,0,1
102.0,20,1334.0,1,-1.0,0,2
886.0,16,302.0,4,-1.0,0,1
851.0,2,368.0,2,-1.0,0,1
123.0,21,158.0,2,181.0,1,2
53.0,29,375.0,1,-1.0,0,2
3969.0,7,46.0,5,-1.0,0,1
714.0,31,145.0,4,-1.0,0,1
3518.0,25,626.0,3,-1.0,0,2
1808.0,7,273.0,2,433.0,1,2
1954.0,30,199.0,3,-1.0,0,1
1539.0,28,149.0,14,-1.0,0,1
621.0,20,1333.0,5,-1.0,0,2
5345.0,11,878.0,3,-1.0,0,2
816.0,19,630.0,1,-1.0,0,1
8263.0,2,267.0,1,-1.0,0,1
1027.0,23,744.0,1,-1.0,0,2
372.0,29,11.0,1,-1.0,0,2
96.0,30,136.0,2,-1.0,0,1
1954.0,2,294.0,1,-1.0,0,2
10596.0,19,195.0,1,197.0,4,2
1734.0,22,116.0,4,-1.0,0,1
65.0,27,162.0,1,-1.0,0,1
204.0,12,142.0,2,357.0,3,1
509.0,4,121.0,2,-1.0,0,1
2625.0,29,2516.0,2,-1.0,0,2
395.0,29,136.0,1,148.0,1,2
1117.0,7,416.0,4,-1.0,0,1
1252.0,26,149.0,1,-1.0,0,1
-276.0,13,674.0,1,-1.0,0,2
656.0,6,178.0,1,-1.0,0,1
1720.0,14,230.0,1,91.0,4,2
1011.0,19,113.0,1,174.0,4,1
34.0,5,404.0,4,-1.0,0,1
268.0,20,77.0,2,-1.0,0,1
2007.0,13,272.0,3,182.0,2,2
6.0,15,228.0,1,-1.0,0,1
6.0,13,210.0,1,182.0,2,2
1139.0,11,106.0,2,-1.0,0,1
387.0,16,254.0,2,-1.0,0,1
150.0,8,491.0,1,-1.0,0,1
293.0,21,162.0,3,-1.0,0,1
912.0,12,637.0,3,328.0,22,2
819.0,13,50.0,3,-1.0,0,1
205.0,3,289.0,1,-1.0,0,2
-690.0,29,230.0,4,-1.0,0,1
0.0,14,894.0,7,-1.0,0,2
3994.0,16,299.0,2,-1.0,0,2
5964.0,18,577.0,4,-1.0,0,1
6016.0,2,670.0,3,-1.0,0,2
1832.0,17,80.0,1,-1.0,0,1
780.0,15,432.0,3,-1.0,0,1
1989.0,3,336.0,2,281.0,2,2
2326.0,21,276.0,1,-1.0,0,2
81.0,17,120.0,1,-1.0,0,1
377.0,8,1134.0,1,-1.0,0,2
340.0,17,463.0,1,344.0,1,1
-538.0,26,682.0,1,-1.0,0,2
3854.0,18,132.0,2,-1.0,0,1
423.0,16,498.0,1,-1.0,0,2
517.0,6,791.0,3,-1.0,0,1
917.0,6,518.0,3,212.0,5,1
1823.0,13,31.0,1,-1.0,0,1
133.0,30,173.0,4,-1.0,0,1
2779.0,22,118.0,2,-1.0,0,2
0.0,4,1488.0,2,-1.0,0,2
-675.0,28,245.0,2,-1.0,0,1
-306.0,15,500.0,1,-1.0,0,2
2724.0,28,893.0,1,-1.0,0,2
890.0,7,201.0,1,-1.0,0,2
991.0,6,1489.0,3,-1.0,0,2
0.0,27,36.0,7,-1.0,0,1
10.0,18,658.0,2,-1.0,0,2
953.0,6,125.0,3,-1.0,0,1
1.0,2,19.0,6,-1.0,0,1
-1455.0,23,169.0,2,-1.0,0,1
307.0,11,63.0,5,-1.0,0,1
1595.0,15,155.0,1,105.0,1,2
0.0,4,74.0,1,-1.0,0,1
0.0,27,258.0,1,92.0,5,2
10925.0,23,270.0,3,185.0,1,2
-1.0,8,188.0,4,-1.0,0,1
820.0,18,262.0,1,91.0,1,2
587.0,4,77.0,8,-1.0,0,1
-122.0,23,670.0,3,-1.0,0,2
1357.0,5,74.0,5,-1.0,0,1
3133.0,10,804.0,1,-1.0,0,2
556.0,15,646.0,3,-1.0,0,2
95.0,30,335.0,1,-1.0,0,2
116.0,13,122.0,1,-1.0,0,2
0.0,18,201.0,1,-1.0,0,1
391.0,8,103.0,3,-1.0,0,1
7791.0,30,141.0,1,-1.0,0,1
1297.0,11,716.0,3,-1.0,0,2
-225.0,19,220.0,1,-1.0,0,1
2952.0,3,417.0,2,95.0,1,2
0.0,7,47.0,1,-1.0,0,1
0.0,6,1452.0,1,98.0,2,2
1925.0,25,487.0,1,97.0,2,2
170.0,8,361.0,3,-1.0,0,1
658.0,27,283.0,1,-1.0,0,2
150.0,9,168.0,2,203.0,7,1
0.0,23,209.0,1,-1.0,0,2
363.0,16,136.0,8,-1.0,0,1
8603.0,7,429.0,1,-1.0,0,2
224.0,23,409.0,2,92.0,4,2
3940.0,5,226.0,3,97.0,2,2
22.0,26,388.0,6,-1.0,0,2
153.0,5,277.0,1,-1.0,0,2
-39.0,20,87.0,2,-1.0,0,1
431.0,20,1045.0,1,-1.0,0,2
694.0,16,1806.0,4,-1.0,0,2
13014.0,12,637.0,1,183.0,1,2
-176.0,9,176.0,1,-1.0,0,1
216.0,5,577.0,3,-1.0,0,2
2986.0,17,222.0,2,231.0,1,2
1144.0,8,376.0,2,129.0,3,2
568.0,12,940.0,10,-1.0,0,2
-69.0,15,205.0,3,-1.0,0,2
4889.0,11,545.0,2,-1.0,0,2
314.0,20,1341.0,3,178.0,7,2
1081.0,24,202.0,5,261.0,2,2
7724.0,21,373.0,3,-1.0,0,2
116.0,20,718.0,2,-1.0,0,2
4853.0,31,234.0,2,-1.0,0,1
75.0,1,479.0,9,-1.0,0,2
866.0,2,88.0,1,208.0,1,1
221.0,15,305.0,1,-1.0,0,1
194.0,31,517.0,4,-1.0,0,1
1880.0,12,768.0,2,-1.0,0,2
914.0,4,185.0,1,-1.0,0,2
324.0,15,78.0,1,96.0,7,1
1788.0,4,288.0,1,181.0,2,2
361.0,17,287.0,1,-1.0,0,1
1191.0,21,214.0,4,-1.0,0,2
67.0,21,199.0,2,-1.0,0,1
783.0,8,281.0,1,-1.0,0,1
442.0,30,69.0,1,164.0,2,1
318.0,9,246.0,3,-1.0,0,1
2245.0,24,125.0,2,-1.0,0,1
1905.0,16,709.0,2,-1.0,0,2
946.0,28,40.0,1,-1.0,0,1
0.0,5,109.0,1,-1.0,0,1
0.0,3,426.0,1,-1.0,0,2
-480.0,16,538.0,2,-1.0,0,1
0.0,27,666.0,1,90.0,4,2
575.0,20,18.0,2,-1.0,0,1
1703.0,22,153.0,5,-1.0,0,1
1916.0,13,565.0,2,-1.0,0,1
609.0,6,145.0,1,-1.0,0,1
602.0,1,324.0,3,90.0,2,2
4984.0,28,509.0,1,-1.0,0,2
33.0,30,246.0,3,-1.0,0,1
1524.0,20,567.0,1,-1.0,0,2
3820.0,3,105.0,1,-1.0,0,1
3154.0,17,404.0,1,305.0,3,2
6027.0,14,233.0,2,-1.0,0,1
1374.0,23,203.0,4,-1.0,0,2
0.0,20,110.0,2,-1.0,0,1
397.0,13,134.0,1,350.0,7,1
167.0,13,357.0,2,237.0,2,1
1980.0,5,255.0,1,-1.0,0,2
11431.0,12,141.0,5,-1.0,0,1
318.0,5,736.0,2,-1.0,0,2
1260.0,21,93.0,1,-1.0,0,1
4388.0,8,896.0,2,-1.0,0,2
12.0,12,126.0,6,-1.0,0,2
29.0,6,253.0,1,-1.0,0,1
557.0,17,224.0,1,-1.0,0,2
3154.0,27,121.0,1,-1.0,0,1
-46.0,2,525.0,1,89.0,11,2
3283.0,2,258.0,1,73.0,1,2
2329.0,27,131.0,1,-1.0,0,2
0.0,26,178.0,2,-1.0,0,1
485.0,26,98.0,14,-1.0,0,1
3546.0,23,777.0,2,-1.0,0,2
636.0,6,127.0,2,254.0,23,1
0.0,6,286.0,2,-1.0,0,1
1090.0,19,204.0,4,532.0,2,2
589.0,6,62.0,1,-1.0,0,1
1543.0,22,298.0,1,10.0,6,2
-9.0,15,920.0,2,-1.0,0,2
1702.0,18,21.0,1,-1.0,0,1
53.0,28,226.0,1,-1.0,0,1
0.0,6,135.0,3,-1.0,0,1
484.0,16,205.0,3,182.0,9,2
0.0,23,163.0,1,-1.0,0,2
331.0,8,94.0,3,-1.0,0,1
5112.0,19,898.0,7,137.0,11,2
1266.0,6,164.0,1,-1.0,0,1
1277.0,18,827.0,1,-1.0,0,2
52.0,6,908.0,1,185.0,9,2
56.0,15,259.0,1,-1.0,0,1
271.0,15,308.0,1,94.0,4,2
2959.0,2,711.0,1,342.0,1,2
687.0,30,341.0,2,-1.0,0,2
22.0,5,71.0,1,-1.0,0,1
283.0,18,346.0,1,179.0,3,1
4401.0,11,254.0,1,-1.0,0,2
0.0,11,473.0,1,-1.0,0,1
249.0,6,234.0,1,-1.0,0,2
667.0,7,228.0,3,-1.0,0,1
2039.0,8,729.0,1,-1.0,0,2
2.0,2,935.0,1,-1.0,0,2
2337.0,27,133.0,2,41.0,5,1
1411.0,12,56.0,2,-1.0,0,1
405.0,7,345.0,2,-1.0,0,2
704.0,21,164.0,1,-1.0,0,2
274.0,27,731.0,3,-1.0,0,2
135.0,18,109.0,1,-1.0,0,1
-97.0,18,1528.0,2,-1.0,0,2
55.0,8,323.0,1,-1.0,0,1
885.0,15,632.0,6,-1.0,0,2
86.0,6,218.0,1,-1.0,0,1
911.0,14,136.0,2,175.0,7,1
1393.0,31,382.0,1,271.0,1,1
0.0,1,174.0,1,81.0,2,2
43.0,21,289.0,1,-1.0,0,1
390.0,5,100.0,1,243.0,1,1
957.0,26,198.0,5,-1.0,0,1
897.0,12,197.0,4,-1.0,0,1
1246.0,30,509.0,1,85.0,2,2
3728.0,20,55.0,4,-1.0,0,1
4367.0,27,71.0,1,-1.0,0,1
185.0,29,513.0,3,-1.0,0,1
818.0,4,185.0,2,247.0,3,1
234.0,9,281.0,3,-1.0,0,1
508.0,27,565.0,2,-1.0,0,1
3064.0,20,309.0,1,-1.0,0,1
518.0,18,34.0,7,-1.0,0,1
2144.0,29,417.0,1,184.0,4,2
414.0,13,504.0,4,-1.0,0,2
94.0,6,181.0,2,-1.0,0,1
769.0,29,695.0,2,-1.0,0,2
7968.0,3,733.0,1,93.0,1,2
388.0,31,1032.0,4,-1.0,0,2
18.0,30,72.0,19,-1.0,0,1
0.0,18,148.0,1,84.0,2,2
194.0,22,407.0,2,-1.0,0,2
501.0,20,994.0,1,177.0,1,2
2998.0,18,623.0,3,-1.0,0,2
109.0,23,706.0,1,225.0,2,2
3913.0,9,76.0,2,-1.0,0,1
1015.0,30,11.0,8,-1.0,0,1
308.0,14,125.0,5,-1.0,0,1
107.0,8,109.0,6,-1.0,0,1
653.0,17,60.0,2,-1.0,0,1
41.0,15,885.0,3,352.0,2,2
892.0,2,26.0,1,-1.0,0,1
2222.0,16,114.0,2,-1.0,0,1
167.0,7,84.0,1,343.0,1,1
4917.0,23,113.0,1,-1.0,0,2
5887.0,4,439.0,3,185.0,5,2
464.0,9,208.0,2,91.0,3,2
4692.0,29,1363.0,2,-1.0,0,2
2166.0,12,316.0,2,-1.0,0,2
1405.0,14,629.0,2,-1.0,0,2
3846.0,3,313.0,2,-1.0,0,2
372.0,27,162.0,1,-1.0,0,1
486.0,13,273.0,3,199.0,4,2
177.0,8,1040.0,1,-1.0,0,1
5169.0,25,397.0,1,35.0,2,2
0.0,26,93.0,1,-1.0,0,1
-52.0,13,12.0,1,-1.0,0,1
0.0,5,562.0,2,-1.0,0,2
2473.0,5,607.0,2,-1.0,0,2
302.0,23,40.0,8,-1.0,0,1
0.0,20,592.0,1,-1.0,0,1
4176.0,26,288.0,3,-1.0,0,2
36.0,15,551.0,1,371.0,2,2
418.0,9,102.0,3,-1.0,0,1
486.0,16,204.0,1,328.0,2,1
1368.0,27,329.0,1,41.0,2,2
4321.0,5,657.0,1,-1.0,0,2
482.0,10,1097.0,3,-1.0,0,2
879.0,17,712.0,1,344.0,1,2
211.0,4,53.0,1,-1.0,0,1
51.0,21,273.0,2,-1.0,0,1
334.0,13,14.0,4,331.0,22,1
5421.0,18,458.0,4,-1.0,0,1
451.0,5,173.0,1,274.0,3,1
3735.0,22,183.0,1,184.0,11,2
1795.0,7,219.0,1,-1.0,0,2
207.0,19,76.0,2,-1.0,0,1
304.0,30,395.0,2,-1.0,0,1
4807.0,22,1002.0,4,-1.0,0,2
246.0,18,427.0,4,-1.0,0,1
1101.0,30,800.0,1,-1.0,0,2
-71.0,27,114.0,1,-1.0,0,1
1240.0,31,812.0,3,-1.0,0,2
-546.0,25,1152.0,6,-1.0,0,2
77.0,15,619.0,1,340.0,4,2
3951.0,29,164.0,1,-1.0,0,2
571.0,4,275.0,3,-1.0,0,1
3339.0,6,304.0,2,-1.0,0,1
1962.0,13,363.0,1,181.0,1,2
1934.0,29,271.0,1,-1.0,0,2
779.0,1,184.0,4,-1.0,0,2
658.0,15,198.0,2,244.0,4,2
81.0,22,560.0,1,-1.0,0,2
1293.0,8,82.0,1,-1.0,0,1
1000.0,17,195.0,1,-1.0,0,2
28.0,5,126.0,3,-1.0,0,1
0.0,21,654.0,1,-1.0,0,2
329.0,14,158.0,2,-1.0,0,1
661.0,21,367.0,2,294.0,2,2
341.0,13,282.0,1,-1.0,0,2
309.0,20,241.0,1,-1.0,0,2
14.0,26,68.0,1,-1.0,0,1
7.0,17,50.0,1,-1.0,0,1
1958.0,23,164.0,4,-1.0,0,1
538.0,17,660.0,3,-1.0,0,1
2030.0,28,27.0,2,-1.0,0,1
58.0,21,542.0,1,-1.0,0,1
978.0,29,660.0,2,182.0,6,2
1869.0,21,122.0,2,-1.0,0,1
2282.0,21,207.0,17,-1.0,0,2
1955.0,29,25.0,1,-1.0,0,1
1372.0,6,129.0,2,-1.0,0,1
35.0,17,324.0,3,126.0,3,2
-416.0,16,767.0,2,-1.0,0,2
-480.0,2,351.0,6,-1.0,0,1
10541.0,9,178.0,1,-1.0,0,2
2155.0,10,144.0,3,91.0,2,2
0.0,12,214.0,3,-1.0,0,1
-449.0,18,197.0,1,355.0,2,1
849.0,8,667.0,1,321.0,1,2
505.0,26,320.0,5,-1.0,0,1
279.0,28,64.0,3,-1.0,0,1
801.0,11,244.0,2,-1.0,0,2
2395.0,12,150.0,2,-1.0,0,1
935.0,5,226.0,1,99.0,2,2
335.0,22,234.0,1,-1.0,0,1
395.0,11,150.0,2,364.0,8,1
3411.0,19,225.0,2,-1.0,0,2
0.0,11,114.0,2,-1.0,0,1
173.0,12,7.0,5,342.0,15,1
452.0,16,443.0,1,-1.0,0,2
5293.0,11,475.0,1,171.0,6,2
141.0,22,128.0,1,-1.0,0,1
11862.0,21,549.0,2,238.0,13,2
0.0,30,76.0,3,-1.0,0,1
1235.0,13,354.0,3,-1.0,0,2
822.0,29,155.0,2,245.0,3,1
68.0,27,198.0,1,-1.0,0,1
2516.0,4,279.0,3,266.0,1,1
100.0,2,467.0,2,-1.0,0,2
2795.0,8,480.0,1,181.0,2,2
410.0,21,162.0,5,-1.0,0,1
3.0,25,130.0,2,-1.0,0,2
195.0,16,984.0,5,-1.0,0,2
36.0,16,1656.0,5,-1.0,0,2
3407.0,9,993.0,4,85.0,4,2
0.0,28,81.0,2,-1.0,0,1
268.0,11,47.0,4,-1.0,0,1
1014.0,30,240.0,1,162.0,2,2
9962.0,20,474.0,1,-1.0,0,2
463.0,13,128.0,2,-1.0,0,1
1779.0,11,233.0,1,433.0,1,2
807.0,7,57.0,1,366.0,2,1
360.0,9,175.0,3,259.0,4,1
79.0,20,78.0,12,-1.0,0,1
158.0,9,212.0,3,181.0,6,2
19.0,30,268.0,1,-1.0,0,1
74.0,27,146.0,1,-1.0,0,1
359.0,4,117.0,2,-1.0,0,1
1139.0,31,466.0,4,-1.0,0,1
84.0,6,954.0,1,-1.0,0,2
3387.0,15,1111.0,5,-1.0,0,2
4693.0,12,89.0,1,97.0,3,2
1085.0,4,195.0,6,97.0,12,2
1085.0,29,101.0,4,-1.0,0,1
64.0,8,210.0,2,-1.0,0,1
1162.0,30,175.0,1,-1.0,0,2
4328.0,30,262.0,3,189.0,11,2
1.0,6,608.0,1,-1.0,0,2
264.0,14,222.0,2,-1.0,0,1
94.0,12,256.0,2,-1.0,0,1
1632.0,2,430.0,2,-1.0,0,1
2235.0,20,287.0,2,-1.0,0,1
365.0,9,85.0,2,-1.0,0,1
513.0,13,180.0,1,-1.0,0,1
0.0,7,123.0,3,-1.0,0,1
0.0,4,1110.0,1,-1.0,0,2
59.0,13,526.0,2,-1.0,0,2
181.0,7,174.0,1,343.0,2,1
3.0,29,88.0,6,-1.0,0,1
370.0,26,128.0,12,-1.0,0,1
36.0,11,930.0,1,-1.0,0,2
896.0,14,276.0,2,-1.0,0,2
2416.0,11,74.0,2,-1.0,0,1
1437.0,12,49.0,1,-1.0,0,1
103.0,11,95.0,2,-1.0,0,1
2121.0,14,160.0,1,-1.0,0,1
-980.0,4,52.0,2,260.0,1,1
515.0,29,114.0,3,-1.0,0,1
1242.0,29,578.0,3,-1.0,0,1
1147.0,5,389.0,1,64.0,2,2
-295.0,7,556.0,1,-1.0,0,1
1696.0,9,878.0,3,-1.0,0,1
155.0,5,696.0,2,-1.0,0,2
613.0,7,86.0,2,-1.0,0,1
8486.0,21,80.0,10,-1.0,0,1
233.0,5,446.0,1,-1.0,0,1
-42.0,10,5.0,1,-1.0,0,1
-948.0,9,129.0,2,-1.0,0,1
2037.0,2,96.0,1,-1.0,0,1
285.0,20,1272.0,2,-1.0,0,2
10757.0,6,276.0,3,-1.0,0,1
732.0,25,354.0,1,-1.0,0,1
40.0,19,1265.0,3,-1.0,0,2
3663.0,11,230.0,3,-1.0,0,1
3689.0,27,445.0,3,-1.0,0,2
725.0,16,227.0,4,-1.0,0,1
924.0,5,207.0,2,98.0,1,2
215.0,24,382.0,1,89.0,7,2
3655.0,19,183.0,20,-1.0,0,1
0.0,28,386.0,3,-1.0,0,1
-1.0,14,850.0,2,-1.0,0,2
1399.0,17,420.0,1,-1.0,0,1
3092.0,10,56.0,2,-1.0,0,1
2678.0,28,282.0,2,187.0,1,2
541.0,11,663.0,3,-1.0,0,2
250.0,7,277.0,1,-1.0,0,1
536.0,2,309.0,1,-1.0,0,2
229.0,8,219.0,2,-1.0,0,1
0.0,28,247.0,2,-1.0,0,1
5049.0,22,47.0,7,-1.0,0,1
114.0,18,207.0,9,-1.0,0,1
201.0,4,69.0,1,1.0,1,1
624.0,14,552.0,2,-1.0,0,2
1243.0,10,1341.0,7,-1.0,0,2
620.0,17,104.0,1,-1.0,0,2
1464.0,30,157.0,1,-1.0,0,2
211.0,25,160.0,6,-1.0,0,1
-462.0,29,470.0,1,-1.0,0,2
2266.0,16,447.0,1,147.0,5,2
1717.0,8,520.0,2,343.0,3,1
698.0,8,1081.0,2,-1.0,0,2
494.0,9,216.0,1,183.0,5,2
132.0,14,276.0,1,-1.0,0,2
953.0,14,479.0,1,346.0,2,2
552.0,1,327.0,1,-1.0,0,2
944.0,29,251.0,2,-1.0,0,2
5715.0,17,1114.0,1,181.0,2,2
569.0,21,487.0,5,-1.0,0,1
1495.0,13,896.0,1,57.0,2,2
600.0,7,277.0,1,-1.0,0,1
8000.0,12,291.0,1,260.0,2,2
2702.0,18,110.0,1,-1.0,0,1
575.0,2,237.0,1,-1.0,0,1
1065.0,5,213.0,3,-1.0,0,1
95.0,20,61.0,4,-1.0,0,1
183.0,18,610.0,1,-1.0,0,2
0.0,22,78.0,3,-1.0,0,1
507.0,3,257.0,1,-1.0,0,2
-144.0,30,481.0,3,-1.0,0,2
1811.0,8,97.0,4,-1.0,0,1
680.0,14,321.0,1,-1.0,0,1
88.0,6,195.0,1,90.0,3,2
3352.0,19,639.0,2,27.0,1,2
22.0,14,145.0,1,-1.0,0,1
714.0,5,225.0,1,-1.0,0,1
870.0,14,220.0,1,179.0,1,2
1181.0,29,169.0,2,182.0,2,2
523.0,1,380.0,4,371.0,4,1
163.0,20,627.0,2,-1.0,0,2
-106.0,12,690.0,1,-1.0,0,2
2733.0,14,604.0,1,-1.0,0,2
18.0,6,285.0,1,288.0,17,1
648.0,3,318.0,1,-1.0,0,1
580.0,10,633.0,1,-1.0,0,1
70.0,28,164.0,1,-1.0,0,1
1226.0,18,261.0,1,-1.0,0,1
1117.0,2,417.0,1,-1.0,0,2
1336.0,22,65.0,1,-1.0,0,1
329.0,17,952.0,1,343.0,1,2
1836.0,6,902.0,3,-1.0,0,2
955.0,17,301.0,2,134.0,4,2
5799.0,17,97.0,1,-1.0,0,1
1107.0,18,201.0,1,-1.0,0,2
0.0,15,91.0,2,-1.0,0,1
1807.0,27,606.0,1,-1.0,0,2
8491.0,18,929.0,1,-1.0,0,2
13.0,5,410.0,3,-1.0,0,1
0.0,17,286.0,1,-1.0,0,2
476.0,22,630.0,1,-1.0,0,1
86.0,30,387.0,3,87.0,1,2
-522.0,13,863.0,3,-1.0,0,2
-203.0,12,465.0,3,-1.0,0,2
490.0,8,216.0,2,368.0,2,1
284.0,3,124.0,4,204.0,4,1
1231.0,3,385.0,2,96.0,5,2
0.0,3,704.0,1,-1.0,0,2
1007.0,21,240.0,2,-1.0,0,1
2383.0,5,1019.0,2,63.0,2,2
59.0,18,9.0,4,341.0,19,1
3821.0,21,201.0,5,-1.0,0,1
807.0,19,1057.0,1,-1.0,0,2
231.0,8,88.0,2,-1.0,0,1
330.0,13,260.0,1,194.0,2,2
2552.0,3,260.0,1,94.0,8,2
148.0,20,1145.0,4,-1.0,0,1
1534.0,10,95.0,1,95.0,3,2
-1350.0,28,96.0,4,-1.0,0,1
3434.0,8,148.0,2,101.0,1,2
1021.0,14,89.0,2,-1.0,0,1
-754.0,3,941.0,3,-1.0,0,2
2218.0,17,711.0,1,-1.0,0,2
256.0,5,304.0,2,91.0,1,2
0.0,9,426.0,3,-1.0,0,2
3.0,6,550.0,1,-1.0,0,2
2269.0,20,1210.0,1,-1.0,0,2
133.0,4,218.0,1,-1.0,0,2
320.0,9,1971.0,4,-1.0,0,2
362.0,29,329.0,2,240.0,8,1
877.0,27,181.0,1,-1.0,0,1
805.0,12,116.0,5,170.0,2,1
2764.0,18,459.0,1,56.0,3,1
169.0,15,216.0,1,91.0,4,2
2557.0,10,404.0,1,57.0,8,2
0.0,2,107.0,1,-1.0,0,2
1374.0,15,74.0,2,-1.0,0,1
1382.0,12,357.0,1,182.0,2,2
802.0,12,289.0,2,-1.0,0,2
383.0,18,135.0,1,-1.0,0,1
924.0,7,231.0,1,94.0,3,2
-1206.0,15,382.0,2,-1.0,0,2
2597.0,31,52.0,2,-1.0,0,1
585.0,21,34.0,3,-1.0,0,1
253.0,21,111.0,5,-1.0,0,1
2910.0,23,1392.0,2,-1.0,0,2
224.0,24,65.0,2,81.0,3,2
432.0,13,334.0,2,-1.0,0,1
0.0,22,360.0,5,-1.0,0,2
4889.0,22,705.0,4,-1.0,0,1
399.0,7,143.0,1,-1.0,0,1
119.0,30,85.0,2,-1.0,0,1
488.0,5,332.0,2,-1.0,0,1
602.0,14,458.0,1,130.0,8,2
7.0,28,173.0,1,164.0,4,2
0.0,1,261.0,4,-1.0,0,2
1004.0,28,371.0,1,-1.0,0,2
1430.0,26,283.0,2,135.0,5,2
252.0,31,727.0,4,-1.0,0,2
1698.0,27,39.0,7,-1.0,0,1
1364.0,15,1867.0,6,-1.0,0,2
747.0,26,543.0,2,-1.0,0,2
180.0,14,183.0,1,90.0,4,2
3740.0,7,254.0,1,-1.0,0,1
377.0,4,524.0,15,-1.0,0,2
2160.0,2,169.0,1,-1.0,0,2
1445.0,4,271.0,2,-1.0,0,2
13931.0,18,132.0,1,-1.0,0,1
368.0,23,269.0,1,187.0,5,2
69.0,18,103.0,2,-1.0,0,1
2007.0,12,1226.0,3,-1.0,0,2
1524.0,16,399.0,1,-1.0,0,1
1970.0,5,253.0,1,-1.0,0,2
3403.0,7,215.0,1,99.0,1,2
49.0,16,619.0,2,-1.0,0,2
207.0,4,212.0,1,-1.0,0,1
5119.0,21,74.0,1,-1.0,0,1
329.0,6,224.0,1,145.0,2,2
552.0,5,648.0,2,-1.0,0,1
230.0,30,394.0,14,-1.0,0,1
-277.0,12,431.0,1,-1.0,0,1
0.0,28,730.0,11,-1.0,0,2
200.0,1,729.0,1,29.0,3,2
6468.0,4,730.0,1,157.0,4,2
1729.0,17,456.0,2,-1.0,0,2
5506.0,20,74.0,1,-1.0,0,1
1031.0,29,751.0,3,-1.0,0,2
1443.0,14,476.0,1,-1.0,0,2
886.0,12,121.0,1,-1.0,0,1
4117.0,21,530.0,1,-1.0,0,2
-671.0,28,80.0,2,-1.0,0,1
0.0,13,1975.0,5,-1.0,0,2
742.0,26,236.0,1,-1.0,0,2
84.0,29,34.0,2,-1.0,0,1
46.0,5,234.0,1,-1.0,0,1
134.0,12,273.0,1,277.0,3,1
2600.0,13,186.0,2,98.0,1,2
498.0,11,173.0,2,-1.0,0,1
959.0,30,694.0,2,-1.0,0,2
7602.0,20,222.0,1,-1.0,0,1
702.0,31,40.0,29,-1.0,0,1
2123.0,4,141.0,4,-1.0,0,1
1517.0,8,193.0,3,-1.0,0,2
839.0,18,700.0,3,-1.0,0,2
640.0,14,411.0,2,-1.0,0,1
432.0,2,402.0,1,-1.0,0,2
48.0,12,810.0,3,93.0,6,2
19.0,4,139.0,1,92.0,5,2
92.0,5,244.0,7,-1.0,0,2
827.0,20,294.0,2,-1.0,0,1
803.0,4,742.0,4,-1.0,0,2
6421.0,20,661.0,1,-1.0,0,1
7561.0,6,685.0,3,-1.0,0,2
963.0,12,528.0,5,-1.0,0,2
0.0,6,225.0,1,-1.0,0,1
11494.0,4,220.0,7,-1.0,0,1
66.0,5,102.0,1,170.0,2,1
655.0,23,273.0,1,-1.0,0,2
1200.0,14,904.0,3,-1.0,0,2
380.0,5,438.0,2,-1.0,0,2
379.0,13,58.0,5,-1.0,0,1
456.0,28,137.0,8,-1.0,0,1
14.0,13,234.0,1,-1.0,0,2
9131.0,14,902.0,5,-1.0,0,1
2590.0,13,212.0,3,277.0,12,2
2518.0,30,675.0,3,-1.0,0,2
616.0,13,293.0,2,105.0,2,2
-46.0,1,154.0,2,91.0,12,2
314.0,28,938.0,2,-1.0,0,2
1960.0,2,605.0,6,-1.0,0,2
629.0,30,208.0,2,-1.0,0,1
2166.0,23,870.0,1,-1.0,0,2
3405.0,29,276.0,2,-1.0,0,1
246.0,14,162.0,4,-1.0,0,1
39.0,21,549.0,2,-1.0,0,2
394.0,5,324.0,1,-1.0,0,2
2135.0,4,152.0,2,-1.0,0,1
3876.0,5,445.0,3,-1.0,0,1
264.0,29,270.0,1,178.0,1,2
10250.0,7,254.0,3,385.0,2,2
535.0,13,159.0,1,87.0,3,2
1076.0,8,70.0,2,-1.0,0,1
387.0,8,75.0,1,-1.0,0,1
1857.0,12,187.0,1,91.0,12,2
1473.0,16,176.0,3,-1.0,0,1
334.0,14,438.0,4,-1.0,0,1
1614.0,20,921.0,6,-1.0,0,2
4060.0,3,179.0,1,93.0,1,2
1309.0,20,28.0,4,-1.0,0,1
1758.0,16,1230.0,3,-1.0,0,2
2367.0,1,114.0,1,38.0,2,2
12.0,7,173.0,2,-1.0,0,1
1080.0,29,1058.0,2,-1.0,0,2
82.0,17,324.0,4,-1.0,0,1
0.0,19,161.0,2,-1.0,0,1
89.0,15,1871.0,4,-1.0,0,2
423.0,8,104.0,5,-1.0,0,2
634.0,29,696.0,1,-1.0,0,2
1535.0,14,704.0,1,-1.0,0,2
419.0,20,656.0,1,-1.0,0,1
0.0,18,199.0,1,-1.0,0,1
403.0,5,319.0,2,-1.0,0,1
158.0,6,354.0,2,-1.0,0,1
163.0,14,1669.0,2,-1.0,0,2
3352.0,23,138.0,1,-1.0,0,2
2523.0,29,1236.0,2,-1.0,0,1
6748.0,14,1579.0,2,-1.0,0,2
1257.0,5,1536.0,1,-1.0,0,2
1004.0,15,34.0,1,-1.0,0,1
-813.0,18,36.0,4,-1.0,0,1
10861.0,25,225.0,1,91.0,5,2
330.0,2,357.0,1,188.0,3,2
1137.0,2,176.0,1,-1.0,0,2
775.0,16,325.0,1,124.0,2,1
1227.0,29,380.0,2,-1.0,0,1
4112.0,29,426.0,1,184.0,3,2
15.0,30,510.0,1,-1.0,0,2
22867.0,10,266.0,2,92.0,3,2
230.0,21,401.0,1,100.0,2,1
250.0,12,213.0,3,-1.0,0,1
882.0,20,24.0,1,-1.0,0,1
11.0,27,114.0,4,-1.0,0,1
-145.0,21,54.0,2,-1.0,0,1
900.0,6,499.0,4,-1.0,0,1
1977.0,24,160.0,2,-1.0,0,1
1254.0,4,272.0,1,-1.0,0,1
924.0,27,172.0,1,-1.0,0,2
3173.0,15,746.0,1,-1.0,0,2
61.0,19,1012.0,1,-1.0,0,2
2206.0,13,260.0,1,91.0,4,2
610.0,6,651.0,1,-1.0,0,1
518.0,4,608.0,2,-1.0,0,1
15.0,13,304.0,2,-1.0,0,1
1331.0,11,927.0,2,-1.0,0,1
9711.0,19,416.0,3,-1.0,0,1
267.0,22,520.0,2,-1.0,0,2
2509.0,19,654.0,3,-1.0,0,2
-249.0,1,92.0,1,-1.0,0,1
325.0,20,63.0,15,-1.0,0,1
1766.0,5,166.0,2,-1.0,0,2
889.0,18,13.0,1,373.0,6,1
2144.0,26,708.0,1,96.0,3,2
881.0,30,257.0,3,-1.0,0,2
2950.0,11,45.0,2,-1.0,0,1
1221.0,7,127.0,6,-1.0,0,1
2240.0,8,220.0,2,184.0,3,2
0.0,4,316.0,3,-1.0,0,2
23878.0,26,133.0,1,97.0,1,2
4996.0,20,230.0,1,-1.0,0,1
122.0,19,1622.0,2,-1.0,0,2
2046.0,21,595.0,3,254.0,1,2
16.0,18,488.0,5,336.0,2,1
-204.0,11,429.0,7,-1.0,0,1
10.0,5,167.0,1,-1.0,0,1
705.0,5,504.0,1,-1.0,0,2
1293.0,16,1702.0,3,105.0,2,2
360.0,20,98.0,2,-1.0,0,1
437.0,5,338.0,1,-1.0,0,2
107.0,12,1002.0,5,-1.0,0,1
3472.0,19,529.0,1,181.0,4,2
155.0,4,209.0,1,53.0,3,2
1047.0,27,173.0,3,279.0,4,2
2925.0,29,133.0,6,-1.0,0,1
538.0,23,339.0,1,183.0,5,2
690.0,6,171.0,3,-1.0,0,1
53.0,1,215.0,3,-1.0,0,1
518.0,17,84.0,1,-1.0,0,1
3687.0,16,741.0,4,-1.0,0,2
525.0,16,253.0,1,332.0,1,1
41.0,13,148.0,2,-1.0,0,2
123.0,22,247.0,1,184.0,3,2
4101.0,18,146.0,2,264.0,1,2
1064.0,12,326.0,1,-1.0,0,1
1257.0,8,108.0,9,101.0,1,1
158.0,6,144.0,1,-1.0,0,2
2054.0,20,447.0,1,-1.0,0,1
551.0,8,531.0,1,-1.0,0,2
76.0,20,167.0,2,287.0,3,1
939.0,22,87.0,3,-1.0,0,1
763.0,17,192.0,1,-1.0,0,1
1349.0,28,326.0,1,-1.0,0,1
256.0,6,227.0,1,-1.0,0,2
162.0,25,366.0,3,-1.0,0,2
802.0,9,475.0,5,-1.0,0,2
77.0,20,13.0,3,-1.0,0,1
-188.0,17,454.0,1,-1.0,0,2
0.0,6,355.0,1,-1.0,0,2
1938.0,28,551.0,3,-1.0,0,2
-315.0,21,61.0,7,136.0,1,1
521.0,20,347.0,3,-1.0,0,2
1289.0,15,1176.0,3,92.0,6,2
0.0,6,229.0,6,-1.0,0,2
279.0,28,110.0,5,-1.0,0,1
-68.0,9,122.0,1,-1.0,0,1
1553.0,31,53.0,2,-1.0,0,1
3738.0,20,178.0,2,92.0,8,2
400.0,4,268.0,3,-1.0,0,2
-27.0,23,498.0,2,-1.0,0,2
157.0,26,150.0,1,-1.0,0,1
3094.0,2,116.0,2,-1.0,0,1
5.0,16,476.0,3,-1.0,0,1
267.0,20,190.0,1,-1.0,0,2
1559.0,30,123.0,1,-1.0,0,1
2763.0,2,566.0,1,395.0,2,2
224.0,23,342.0,2,107.0,2,2
2032.0,20,736.0,1,-1.0,0,2
0.0,6,236.0,1,-1.0,0,1
696.0,2,815.0,1,-1.0,0,2
0.0,30,843.0,2,-1.0,0,2
-260.0,17,224.0,2,-1.0,0,1
194.0,2,144.0,1,-1.0,0,1
169.0,3,369.0,1,-1.0,0,2
148.0,13,210.0,1,-1.0,0,1
0.0,29,116.0,4,-1.0,0,1
2951.0,17,115.0,1,-1.0,0,1
876.0,18,268.0,1,355.0,1,1
42.0,3,320.0,1,-1.0,0,2
714.0,13,482.0,2,-1.0,0,2
368.0,6,1597.0,2,-1.0,0,2
805.0,23,132.0,1,103.0,7,2
4.0,7,855.0,2,342.0,1,2
817.0,7,721.0,4,-1.0,0,2
461.0,30,369.0,2,-1.0,0,2
9.0,17,468.0,1,-1.0,0,1
4105.0,30,264.0,1,-1.0,0,1
2817.0,17,543.0,1,-1.0,0,2
-309.0,21,343.0,2,428.0,2,2
14968.0,23,1360.0,4,-1.0,0,2
127.0,27,63.0,6,-1.0,0,1
5.0,24,953.0,1,-1.0,0,1
2575.0,20,216.0,2,-1.0,0,2
1245.0,29,115.0,2,198.0,2,1
994.0,5,195.0,1,176.0,5,2
1217.0,20,142.0,2,328.0,3,1
5.0,14,178.0,2,360.0,3,1
1871.0,4,136.0,1,-1.0,0,2
824.0,9,265.0,1,181.0,8,2
569.0,9,265.0,1,323.0,5,1
1017.0,19,257.0,2,-1.0,0,1
1830.0,15,78.0,4,93.0,2,1
1961.0,15,351.0,1,-1.0,0,2
1454.0,12,323.0,1,182.0,4,2
787.0,20,49.0,1,-1.0,0,1
-32.0,29,320.0,1,185.0,5,1
154.0,9,79.0,1,-1.0,0,1
1.0,28,535.0,2,-1.0,0,2
32.0,29,144.0,5,-1.0,0,1
0.0,20,133.0,1,-1.0,0,2
-67.0,6,604.0,3,236.0,2,2
2391.0,28,737.0,6,186.0,10,2
689.0,25,678.0,2,-1.0,0,2
170.0,18,74.0,1,-1.0,0,1
1301.0,13,233.0,1,-1.0,0,1
82.0,4,140.0,1,-1.0,0,1
46.0,10,487.0,1,-1.0,0,2
3984.0,20,7.0,12,-1.0,0,1
8556.0,18,326.0,2,272.0,2,2
93.0,9,82.0,2,-1.0,0,1
3324.0,13,289.0,1,91.0,5,2
0.0,26,24.0,1,-1.0,0,1
0.0,21,190.0,5,-1.0,0,1
30.0,8,716.0,5,-1.0,0,2
136.0,25,363.0,7,-1.0,0,2
2096.0,3,236.0,2,-1.0,0,1
614.0,9,595.0,1,-1.0,0,2
1841.0,5,302.0,1,-1.0,0,2
1645.0,28,248.0,1,-1.0,0,1
2412.0,9,238.0,2,-1.0,0,1
1601.0,4,390.0,2,-1.0,0,1
402.0,19,571.0,1,-1.0,0,1
406.0,6,262.0,1,-1.0,0,1
1611.0,28,418.0,1,-1.0,0,1
197.0,13,234.0,1,87.0,3,2
1045.0,4,106.0,1,79.0,3,1
1889.0,29,108.0,2,-1.0,0,1
774.0,24,482.0,1,91.0,2,2
276.0,12,268.0,4,-1.0,0,1
